flight_id,callsign,number,icao24,registration,typecode,origin,landing,destination,diverted,tweet_problem,tweet_result,tweet_fueldump,avh_id,avh_problem,avh_result,avh_fueldump
ARG1511_20180101,ARG1511,AR1511,e06442,LV-FQB,B738,SACO,SABE,SABE,,,,,,,,
DAL14_20180101,DAL14,DL14,a14c29,N183DN,B763,KATL,,EDDF,,,,,,,,
JBU263_20180108,JBU263,B6263,aa600a,N768JB,A320,KJFK,,KSEA,,,,,,,,
DAL65_20180108,DAL65,DL65,ab2855,N818NW,A333,KATL,KLAX,KLAX,,,,,,,,
EDW24_20180111,EDW24,WK24,4b1901,HB-JMF,A343,LSZH,LSZH,MMUN,LSZH,engine,return,unknown,4b382175,engine,return,unknown
ASA111_20180112,ASA111,AS111,a602ab,N487AS,B739,KLAS,,PANC,,,,,,,,
ONE8511_20180113,ONE8511,O68511,e4919d,PR-OCX,A332,KMIA,,SBGR,,,,,,,,
BAW882_20180115,BAW882,BA882,406532,G-EUYM,A320,EGLL,,UKBB,EDDT,medical,diverted,unknown,,,,
ENY3342_20180117,ENY3342,AA3342,a272b8,N257NN,E75L,KDFW,,KLIT,,,,,,,,
WJA506_20180122,WJA506,WS506,c0499b,C-GBWS,B736,CYXE,,CYYZ,,,,,,,,
ASA619_20180122,ASA619,AS619,a28a2c,N263AK,B739,KLAS,KSEA,KSEA,,,,,,,,
QXE2782_20180124,QXE2782,AS2782,a83920,N629QX,E75L,KSFO,,KMCI,,,,,,,,
WOW699_20180125,WOW699,WW699,4cc500,TF-NEO,A20N,LLBG,BIKF,BIKF,,,,,,,,
DAL2345_20180127,DAL2345,DL2345,a4462e,N3748Y,B738,KSMF,KATL,KATL,,,,,,,,
CPZ6043_20180129,CPZ6043,CP6043,a1ac11,N207AN,E75L,KLAX,KELP,KSAN,KELP,,,,,,,
PRW103_20180131,PRW103,6F103,45c265,OY-PSE,B738,BIKF,,GCTS,,,,,,,,
UAL979_20180201,UAL979,UA979,a8b760,N66057,B764,KEWR,SAEZ,SAEZ,,,,,,,,
BLX236_20180201,BLX236,6B236,4ac8d9,SE-RFY,B738,GCLP,EDDN,EFHK,EDDN,unclear,diverted,unknown,,,,
AFL111_20180204,AFL111,SU111,42423f,VP-BLY,A332,KMIA,,UUEE,,,,,,,,
AFR032_20180209,AFR032,AF32,3949e1,F-GSPB,B772,LFPO,LFPO,KJFK,LFPO,technical,return,unknown,4b4b9911,engine,return,unknown
AAL215_20180210,AAL215,AA215,ab436f,N825AA,B789,KLAX,,SBGR,,,,,,,,
BOS3_20180213,BOS3,BA8003,3982a8,F-HAVI,B752,LFPO,LFPO,KEWR,LFPO,unclear,return,unknown,,,,
UAL879_20180216,UAL879,UA879,aa9300,N78009,B772,EGLL,EGPH,KIAH,EGPH,medical,diverted,unknown,,,,
RRR4078_20180216,RRR4078,,43c5e9,ZM415,A400,,EGVN,,EGVN,unclear,return,unknown,,,,
AFR31KQ_20180218,AFR31KQ,AF6013,392ae4,F-GKXE,A320,LFML,LFPO,LFPO,,unclear,unclear,unknown,,,,
AZU8706_20180225,AZU8706,AD8706,e4910e,PR-AIW,A332,SBKP,,KMCO,,,,,,,,
BGA143F_20180226,BGA143F,,394a65,F-GSTF,A3ST,EGNR,EDHI,EDHI,,,,,4b57310c,smoke_burn_smell_flames,planned,unknown
SHT16ED_20180226,SHT16ED,BA2938,400a5b,G-DBCA,A319,EGKK,EGPH,EGPH,,unclear,unclear,unknown,,,,
ACA145_20180226,ACA145,AC145,c02fd5,C-FSCY,B38M,CYYZ,CYYC,CYYC,,,,,,,,
RYR3ZK_20180228,RYR3ZK,FR2694,4ca678,EI-FOV,B738,LPPT,LPPT,LPPR,LPPT,unclear,return,unknown,4b592dcf,cabin_pressure,return,unknown
THY80L_20180301,THY80L,TK80,4ba946,TC-JJF,B77W,KSFO,,LTFM,,,,,,,,
ASA230_20180301,ASA230,AS230,a28a2c,N263AK,B739,KSAN,MMSD,MMSD,,,,,,,,
AFR090_20180302,AFR090,AF90,39bd27,F-HPJH,A388,LFPG,LFPG,KMIA,LFPG,medical,return,unknown,,,,
DAL445_20180303,DAL445,DL445,ab7ae4,N839MH,B764,LIRF,LFPG,KJFK,LFPG,unclear,diverted,unknown,4b5b3cf5,instrument,diverted,fueldump
AFR1196_20180303,AFR1196,AF1196,392af2,F-GKXS,A320,LFPG,LFPG,GMMN,LFPG,technical,return,unknown,,,,
BGA112B_20180305,BGA112B,,394a61,F-GSTB,A3ST,LFBO,LFBO,LFRZ,LFBO,unclear,return,unknown,,,,
TOM727_20180309,TOM727,BY727,406c6d,G-TUIG,B788,MDLR,EGBB,EGBB,,medical,planned,unknown,,,,
MSR651_20180312,MSR651,MS651,010109,SU-GDA,B738,HECA,,OERK,,,,,,,,
NDU634_20180313,NDU634,,a84dc8,N634ND,C172,KIWA,KIWA,KIWA,,,,,,,,
EXS746_20180313,EXS746,LS746,4070e7,G-JZHT,B738,GCFV,,EGPH,,unclear,unclear,unknown,,,,
BCS6892_20180314,BCS6892,,40712e,G-DHKC,B752,EDDP,EBBR,EBBR,,unclear,unclear,unknown,,,,
SWG521_20180316,SWG521,WG521,c03abc,C-FWGH,B738,CYYZ,,MMPR,,,,,,,,
CTM1079_20180318,CTM1079,,3b7781,F-RAJB,A342,,LFML,,,unclear,unclear,unknown,,,,
SKW4820_20180318,SKW4820,DL4820,ab4151,N824SK,CRJ9,KMSP,CYXE,CYXE,,,,,,,,
FDX5926_20180318,FDX5926,FX5926,a821e4,N623FE,MD11,ZGGG,RKSI,RKSI,,unclear,unclear,unknown,,,,
BAW57K_20180319,BAW57K,BA57,40688d,G-XLEC,A388,EGLL,EGKK,FAOR,EGKK,hot_air_leak,return,hold_to_reduce,4b649fd5,hot_air_leak,return,fueldump
FDX5201_20180320,FDX5201,FX5201,a903b9,N680FE,A306,EIDW,EGSS,EGSS,,unclear,planned,unknown,,,,
DSM7821_20180321,DSM7821,4M7821,e032d5,LV-CKU,B763,KMIA,,SAEZ,,,,,,,,
ETD87W_20180324,ETD87W,EY160,8963c7,A6-LRE,B77L,KDFW,LROP,OMAA,LROP,medical,diverted,unknown,,,,
EZY18FR_20180325,EZY18FR,U26861,4074b0,G-EZRR,A320,EGPF,EGPF,LEMG,EGPF,medical,diverted,unknown,,,,
SWG529_20180325,SWG529,WG529,c0331e,C-FTJH,B738,CYXE,,CYQR,,,,,,,,
EXS16R_20180326,EXS16R,LS1216,40717e,G-JZBB,B738,LEAL,EGKK,EGBB,EGKK,unclear,diverted,unknown,,,,
AEE625_20180329,AEE625,A3625,4691c4,SX-DND,A320,EDDF,EDDF,LGAV,EDDF,unclear,diverted,unknown,,,,
AFR460_20180329,AFR460,AF460,3965ad,F-GZNN,B77W,LFPG,LFPG,FIMP,LFPG,technical,return,unknown,,,,
AAL93_20180330,AAL93,AA93,a3deca,N349AN,B763,LSZH,EGLL,KPHL,EGLL,unclear,diverted,unknown,,,,
ICE689_20180330,ICE689,FI689,4cc269,TF-FIA,B752,BIKF,KMCO,KMCO,,,,,,,,
TRA90W_20180401,TRA90W,HV6093,4841d9,PH-XRX,B737,EHRD,LFRS,LPFR,LFRS,medical,diverted,unknown,,,,
ACA135_20180402,ACA135,AC135,c0252d,C-FOCA,B763,CYYZ,,CYYC,,,,,,,,
KAP1101_20180403,KAP1101,9K1101,a447d5,N375R,C402,KSTL,KBMI,KMWA,KDEC,,,,,,,
THY140_20180404,THY140,TK140,4ba92e,TC-JIN,A332,LTFM,OERK,OERK,,,,,,,,
MRA637_20180405,MRA637,,a5baa2,N4687B,C208,KWDG,KGUY,KGUY,,,,,,,,
AFR830_20180406,AFR830,AF830,392f2d,F-GLZN,A343,LFPG,LFPG,FCPP,LFPG,unclear,return,unknown,4b7033cc,engine,return,unknown
UAL1665_20180407,UAL1665,UA1665,a8d5a4,N66897,B739,KDEN,MMSD,MMSD,,,,,,,,
SWA1642_20180409,SWA1642,WN1642,ab628c,N8323C,B738,KLAS,KATL,KATL,,,,,,,,
DLH6TR_20180412,DLH6TR,LH954,3c6613,D-AIPS,A320,EDDF,,EGBB,EGLL,smoke_burn_smell_flames,diverted,unknown,,,,
SVA637_20180412,SVA637,SV637,710126,HZ-AS58,A320,OERK,,OJAI,,,,,,,,
VJT453_20180413,VJT453,,4d20cf,9H-VCB,CL35,,EIDW,,,unclear,unclear,unknown,,,,
QFA568_20180413,QFA568,QF568,7c5321,VH-QPF,A333,YPPH,,YSSY,YMML,cabin_pressure,diverted,unknown,4b753958,cabin_pressure,diverted,unknown
ASA790_20180414,ASA790,AS790,a5a888,N464AS,B739,KSEA,KEWR,KEWR,,,,,,,,
QID294_20180414,QID294,,ae0475,58-0001,K35R,,,,,unclear,unclear,unknown,,,,
JAI535_20180415,JAI535,9W535,8001cc,VT-JGR,B738,OMDB,,VABB,,,,,,,,
CJT573_20180420,CJT573,W8573,c0208a,C-FMIJ,B763,CYHM,,CYWG,,,,,,,,
TAY071X_20180420,TAY071X,,4ca7fa,EI-STK,B734,EFTU,ESSA,EBLG,ESSA,unclear,diverted,unknown,,,,
GLO9700_20180421,GLO9700,G39700,e48c30,PR-GUY,B738,SBGR,,MDPC,,,,,,,,
FDX1_20180421,FDX1,FX1,a76ca3,N578FE,MD11,LFPG,LFPG,KMEM,LFPG,unclear,return,unknown,,,,
DAL80_20180422,DAL80,DL80,a05614,N1200K,B763,KATL,EBBR,EBBR,,engine,planned,unknown,,,,
AFR48FC_20180422,AFR48FC,AF6127,3985a8,F-HBNI,A320,LFBO,LFPO,LFPO,,unclear,unclear,unknown,,,,
GSW1427_20180424,GSW1427,GM1427,4b1936,HB-JOG,A319,GMAD,LSZH,LSZH,,,,,,,,
NKS906_20180425,NKS906,NK906,a84660,N632NK,A320,KIAH,KDTW,KDTW,,,,,,,,
AAL900_20180425,AAL900,AA900,a999d2,N718AN,B77W,SAEZ,,KMIA,,,,,,,,
SVA768_20180427,SVA768,SV768,710051,HZ-AQH,A333,OEJN,OMDB,VOMM,OMDB,unclear,diverted,unknown,4b7e07fa,cabin_pressure,diverted,unknown
HHN909_20180427,HHN909,,3cd43a,D-CHRE,C680,,LFPG,,,,,,,,,
AAL2807_20180428,AAL2807,AA2807,a0e086,N156AN,A321,KMIA,KLAX,KTPA,KLAX,,,,,,,
ACA549_20180429,ACA549,AC549,c058be,C-GHPT,B788,KEWR,,CYVR,,unclear,unclear,unknown,,,,
GMI4926_20180429,GMI4926,,3c5cb1,D-AGEQ,B737,,EDDT,,EDDT,unclear,unclear,unknown,4b7f2209,engine,return,unknown
FDX1414_20180501,FDX1414,FX1414,a02cb5,N110FE,B763,KMEM,KTUS,KTUS,,,,,,,,
UAL888_20180502,UAL888,UA888,a1c7e4,N2136U,B77W,KSFO,,ZBAA,,,,,,,,
UAL121_20180503,UAL121,UA121,a1cdd8,N215UA,B772,LEBL,KEWR,KEWR,,,,,,,,
FXI27_20180503,FXI27,NY27,4cc331,TF-FXK,DH8B,BIIS,BIRK,BIRK,,,,,,,,
FXI233_20180504,FXI233,NY233,4cc331,TF-FXK,DH8B,BIRK,,BGKK,,,,,,,,
GMI32FG_20180504,GMI32FG,ST4212,3c09ef,D-ASTU,A319,EDDG,EDDG,LEPA,EDDG,cabin_pressure,return,unknown,4b830fb6,cabin_pressure,return,unknown
SVA788_20180506,SVA788,SV788,71005f,HZ-AK20,B77W,OERK,,VRMM,,,,,,,,
DLH4PK_20180507,DLH4PK,LH2462,3c664b,D-AIRK,A321,EDDM,,EFHK,EDDT,engine,diverted,unknown,4b846914,engine,diverted,unknown
UAL957_20180509,UAL957,UA957,a895eb,N652UA,B763,LSGG,LSGG,KEWR,LSGG,landing_gear,return,unknown,,,,
EWG8HX_20180512,EWG8HX,EW9657,3c4906,D-ABHF,A320,LGTS,EDDN,EDDL,EDDN,unclear,diverted,unknown,,,,
EZY8619_20180516,EZY8619,U28619,440090,OE-IVL,A320,EGKK,,LEPA,LFBD,technical,diverted,unknown,,,,
SHT86X_20180518,SHT86X,BA1418,406a3e,G-EUYU,A320,EGLL,EGAC,EGAC,,medical,planned,unknown,,,,
QTR727_20180519,QTR727,QR727,06a0fc,A7-ALH,A359,OTHH,,KPHL,,,,,,,,
UAL135_20180520,UAL135,UA135,aa93c9,N78060,B764,LSZH,LSZH,KEWR,LSZH,unclear,return,hold_to_reduce,4b8d6334,cracked_windshield,return,fueldump
SAA419_20180522,SAA419,SA419,00b226,ZS-SZD,A320,FAOR,,FAPE,,,,,,,,
EXS88YB_20180523,EXS88YB,LS831,406c81,G-JZHC,B738,EGCC,EGSS,LEPA,EGSS,unclear,diverted,unknown,,,,
VIV3709_20180524,VIV3709,VB3709,0d09c2,XA-VAT,A320,MMTJ,,MMMX,,,,,,,,
EZY31FM_20180524,EZY31FM,U26034,440762,OE-IVK,A320,ESSA,,EGGD,EHAM,medical,diverted,unknown,,,,
ENT863_20180525,ENT863,E4863,4891ab,SP-ENL,B738,LICC,IT-0019,LFRS,LICC,unclear,return,unknown,,,,
DAL97_20180525,DAL97,DL97,abd018,N860NW,A332,LFPG,KDTW,KDTW,,unclear,planned,unknown,,,,
LLX5963_20180526,LLX5963,5P5963,4a4ca1,YR-SEA,A320,EDLP,LFBE,LEMG,LFBE,unclear,diverted,unknown,4b91f180,cabin_pressure,diverted,unknown
PIA701_20180526,PIA701,PK701,760917,AP-BHW,B77W,OPIS,EGCC,EGCC,,medical,planned,unknown,,,,
AAL2254_20180526,AAL2254,AA2254,a12bcd,N175AN,B752,KMIA,KDFW,KDFW,,,,,,,,
MSC610_20180529,MSC610,,0101bf,SU-BTM,A320,,,,,,,,,,,
VLG7104_20180529,VLG7104,VY7104,3452c9,EC-MNZ,A320,LECO,LFPO,EGLL,LFPO,technical,diverted,unknown,,,,
EIN43H_20180531,EIN43H,EI432,4ca5c8,EI-DVE,A320,EIDW,EGKK,LIML,EGKK,medical,diverted,unknown,,,,
DAL2817_20180531,DAL2817,DL2817,ac259b,N882DN,B739,KSLC,KMCO,KMCO,,,,,,,,
MSR759_20180601,MSR759,MS759,010162,SU-GED,B738,HECA,EPWA,EKCH,EPWA,technical,diverted,unknown,,,,
CSJ726_20180602,CSJ726,,ad627d,N9612B,C208,CYHM,,KCAK,,,,,,,,
AAL213_20180603,AAL213,AA213,a15aba,N187AN,B752,KMIA,,SBBR,,,,,,,,
AAL1897_20180603,AAL1897,AA1897,aaf83c,N806AW,A319,KSAT,KELP,KPHX,KELP,weather_damage,diverted,hold_to_reduce,4b97224e,weather_damage,diverted,hold_to_reduce
JBU232_20180604,JBU232,B6232,a732d9,N563JB,A320,KLGB,KSLC,KSLC,,,,,,,,
AAL213_20180605,AAL213,AA213,a3deca,N349AN,B763,KMIA,,SBBR,,,,,,,,
DLH1425_20180605,DLH1425,LH1425,3c5463,D-AECC,E190,LATI,LOWG,EDDF,LOWG,medical,diverted,unknown,,,,
LOT4VM_20180605,LOT4VM,LO408,4a09ae,YR-BMN,B738,EDDL,EPWA,EPWA,,medical,planned,unknown,,,,
WOW9625_20180605,WOW9625,WW9625,4cc4e1,TF-SON,A321,EINN,BIKF,BIKF,,,,,,,,
AAL2237_20180606,AAL2237,AA2237,a0a2bd,N140AN,A321,KDCA,KDFW,KDFW,,,,,,,,
PTA12P_20180606,PTA12P,,4d2144,9H-PIK,C550,,LKKV,,,unclear,unclear,unknown,,,,
NAX7075_20180606,NAX7075,DY7075,4950d8,CS-TFX,A345,LEBL,LEBL,KOAK,LEBL,unclear,return,unknown,,,,
AAL2057_20180606,AAL2057,AA2057,a7101e,N554UW,A321,KLAX,,KCLT,,,,,,,,
ACA832_20180610,ACA832,AC832,c0583f,C-GHKW,A333,CYUL,,EBBR,,,,,,,,
TVF71AT_20180610,TVF71AT,TO3100,3964e3,F-GZHD,B738,LFPO,LFPO,LEZL,LFPO,unclear,return,unknown,,,,
SKU502_20180613,SKU502,H2502,e80321,CC-AID,A319,SAEZ,,SCEL,,,,,,,,
AFR228_20180614,AFR228,AF228,3949f2,F-GSPS,B772,LFPG,LFPG,SAEZ,LFPG,technical,return,unknown,,,,
UAL14_20180616,UAL14,UA14,aa44d0,N76065,B764,KEWR,EGLL,EGLL,,unclear,planned,unknown,,,,
IBK6241_20180616,IBK6241,D86241,4ca354,EI-FHD,B738,BIKF,EGBB,LEMD,EGBB,hydraulics,diverted,unknown,4b9f779c,hydraulics,diverted,unknown
TOM54A_20180617,TOM54A,BY4764,406d6f,G-TUIH,B788,EGKK,,LDDU,EGKK,unclear,return,unknown,,,,
EZY29JH_20180617,EZY29JH,U28191,406f01,G-EZOZ,A320,EGKK,,LIMC,LFPG,technical,diverted,unknown,,,,
EZY73FH_20180619,EZY73FH,U28301,406e69,G-EZOX,A320,EGKK,LFPG,LEMH,LFPG,medical,diverted,unknown,,,,
VTM487_20180619,VTM487,VTM487,0d0af0,XA-UUL,SW4,KSDF,,KLRD,,,,,,,,
AAL435_20180620,AAL435,AA435,a74679,N568UW,A321,KDFW,,KSMF,,,,,,,,
ACA885_20180622,ACA885,AC885,c051e4,C-GFAH,A333,LFPG,LFPG,CYUL,LFPG,hydraulics,return,hold_to_reduce,4ba4a68b,hydraulics,return,unknown
ANA232_20180622,ANA232,NH232,86d5d8,JA823A,B788,EBBR,EFHK,RJAA,EFHK,cracked_windshield,diverted,unknown,4ba3ebc0,cracked_windshield,diverted,unknown
CLX831_20180624,CLX831,CV831,4d010b,LX-VCV,B744,KORD,,KIND,,,,,,,,
ARG1301_20180626,ARG1301,AR1301,e072d0,LV-GKP,A332,KJFK,,SAEZ,,,,,,,,
DLH501_20180626,DLH501,LH501,3c4b28,D-ABYH,B748,LFPG,LFPG,EDDF,LFPG,medical,return,unknown,,,,
QFA63_20180626,QFA63,QF63,7c4774,VH-OEE,B744,YSSY,FAOR,FAOR,,,,,,,,
DAL819_20180630,DAL819,DL819,a3d3f0,N346DN,A321,KLAX,KATL,KATL,,,,,,,,
TJK646_20180701,TJK646,7J646,0d0573,EY-444,B733,UUDD,UUUD,UTDL,UUUD,cabin_pressure,return,unknown,4ba9da5e,cabin_pressure,return,hold_to_reduce
EZY57UT_20180705,EZY57UT,U22963,406d92,G-EZOM,A320,LIMC,,LGIR,LIMC,unclear,return,unknown,4badb5c2,smoke_burn_smell_flames,return,unknown
NAX7191_20180706,NAX7191,DY7191,4950cd,CS-TFM,B772,LFPO,LFPO,KEWR,LFPO,landing_gear,return,hold_to_reduce,4bae6d1a,landing_gear,return,fueldump
SWA4133_20180707,SWA4133,WN4133,aaa929,N7860A,B737,KMCO,KDAL,KDAL,,,,,,,,
ASH5740_20180707,ASH5740,YV5740,a390e3,N329MS,CRJ9,KDFW,,KAMA,,,,,,,,
ICE784_20180708,ICE784,FI784,4cc29f,TF-FIH,B752,BIKF,EGPF,EBLG,EGPF,unclear,diverted,unknown,,,,
LCO1102_20180711,LCO1102,UC1102,a4f2d3,N418LA,B763,KMIA,KMIA,SAEZ,KMIA,unclear,return,unknown,,,,
UPS59_20180711,UPS59,5X59,a7e310,N607UP,B748,VHHH,PANC,PANC,,,,,,,,
UAL368_20180712,UAL368,UA368,aa2ba2,N75426,B739,KSFO,KPHX,KPHX,,unclear,unclear,unknown,,,,
UZB765_20180714,UZB765,HY765,507c41,UK32018,A320,UTTT,UTTT,UAAA,UTTT,unclear,return,unknown,,,,
EZY43YH_20180714,EZY43YH,,405b77,G-ECOD,DH8D,,EGCC,,,,,,,,,
DAH1025_20180715,DAH1025,AH1025,0a0025,7T-VJR,B736,LFML,LFML,DAAG,LFML,unclear,return,unknown,,,,
BPA2221_20180717,BPA2221,BV2221,4d2124,9H-GTC,B734,LATI,LIPY,LIMC,LIPY,cracked_windshield,diverted,unknown,4bb59538,cracked_windshield,diverted,unknown
AZA875_20180719,AZA875,AZ875,4ca82e,EI-DTN,A320,GMMN,,LIRF,LIEE,unclear,diverted,unknown,4bb636ac,fuel_leak,diverted,unknown
BAW2605_20180719,BAW2605,BA2605,406b83,G-GATR,A320,LIRN,EGKK,EGKK,,hydraulics,planned,unknown,4bb62e20,hydraulics,planned,unknown
VIV1145_20180720,VIV1145,VB1145,4ca922,EI-ERH,A320,MMUN,,MMMY,,,,,,,,
DAL84_20180720,DAL84,DL84,ab9387,N845MH,B764,KATL,LFPG,LFPG,,unclear,unclear,unknown,,,,
ACA548_20180720,ACA548,AC548,c0293e,C-FPQB,B789,CYVR,,KEWR,,unclear,unclear,unknown,,,,
TCX79AT_20180725,TCX79AT,MT1591,406b40,G-ZBAM,A321,LEIB,EGPF,EGPF,,tyre,planned,unknown,4bb9b07c,tyre,planned,unknown
CCA876_20180726,CCA876,CA876,7811a3,B-1467,B789,LFPG,LFPG,ZBAA,LFPG,bomb_threat,diverted,fueldump,,,,
VOE24VW_20180726,VOE24VW,V72447,3455d8,EC-MTD,A319,LIRN,LFLL,LFBD,LFLL,unclear,diverted,unknown,,,,
CFG8CM_20180726,CFG8CM,DE1441,3c49ea,D-ABOJ,B753,GCFV,LFPG,EDDH,LFPG,medical,diverted,unknown,,,,
LAN471_20180726,LAN471,LA471,e80416,CC-BAF,A320,SAAR,,SCEL,,,,,,,,
MRA655_20180728,MRA655,MRA655,a01616,N1041L,C208,KTYR,,KDFW,,,,,,,,
AFL2200_20180729,AFL2200,SU2200,424599,VQ-BSL,A320,UUEE,ULLI,EFHK,ULLI,medical,diverted,unknown,,,,
FDB836_20180730,FDB836,FZ836,8962b8,A6-FDM,B738,OEJN,,OMDB,,,,,,,,
UAL41_20180730,UAL41,UA41,aa44cd,N76062,B764,LIRF,EGPF,KEWR,EGPF,medical,diverted,unknown,,,,
QID268_20180730,QID268,,ae013c,60-0344,K35R,,EGUN,,,,,,,,,
AAL484_20180731,AAL484,AA484,a031bd,N111US,A320,KOAK,KSFO,KDFW,KSFO,door,diverted,hold_to_reduce,,,,
VLG63PR_20180802,VLG63PR,VY6224,342398,EC-JTR,A320,LIRF,LIRF,EGKK,LIRF,medical,return,unknown,,,,
CAP3238_20180804,CAP3238,,ad03a1,N938CP,C182,KRDU,KRDU,,,,,,,,,
WJA211_20180804,WJA211,WS211,c07eda,C-GWAZ,B737,CYEG,CYVR,CYVR,,,,,,,,
TVS1152_20180806,TVS1152,QS1152,508340,UR-CNP,B734,LKPR,LIPZ,LEMG,LIPZ,unclear,diverted,unknown,,,,
AAL43_20180808,AAL43,AA43,aae958,N802AN,B788,LIPZ,LFPG,KORD,LFPG,unclear,diverted,unknown,,,,
CAL5321_20180808,CAL5321,CI5321,89911d,B-18709,B744,KJFK,,PANC,,,,,,,,
VOI959_20180809,VOI959,Y4959,0d0932,XA-VLL,A320,KSAT,,MMGL,,,,,,,,
SHT14P_20180811,SHT14P,BA1455,400afc,G-EUXD,A321,EGPH,EGLL,EGLL,,unclear,planned,unknown,,,,
UAL463_20180812,UAL463,UA463,a923a9,N68823,B739,KLGA,KORD,KORD,,,,,,,,
BCS5706_20180814,BCS5706,QY5706,4070a7,G-DHKB,B752,LIME,LIME,LROP,LIME,unclear,return,unknown,4bc5c976,cabin_pressure,return,unknown
AFR35MP_20180815,AFR35MP,AF1817,3991e6,F-HEPG,A320,EIDW,LFPG,LFPG,,engine,planned,unknown,,,,
WJA454_20180815,WJA454,WS454,c0371f,C-FUWS,B737,CYVR,,CYEG,,,,,,,,
JLL360_20180816,JLL360,S2360,800173,VT-JGJ,B738,VILK,VABB,VABB,,unclear,unclear,unknown,,,,
BAW22KV_20180817,BAW22KV,BA2724,3c1298,D-AWBB,B737,EGKK,EGKK,LEIB,EGKK,technical,return,unknown,,,,
FHY638_20180818,FHY638,FH638,4b9856,TC-FBV,A320,EGSH,EBBR,LTBS,EBBR,bird,diverted,hold_to_reduce,,,,
DAL564_20180820,DAL564,DL564,a44988,N3756,B738,KATL,,MMGL,,,,,,,,
AAL2756_20180820,AAL2756,AA2756,ac754b,N9010R,A319,KDFW,,MSLP,,,,,,,,
AMX493_20180821,AMX493,AM493,0d0707,XA-AMA,B738,KSJC,,MMMX,,,,,,,,
ARG1488_20180822,ARG1488,AR1488,e07581,LV-GVA,B738,SABE,,SANE,,,,,,,,
KAP47_20180824,KAP47,9K47,a8f51b,N6765T,C402,KLEB,KHPN,KHPN,,,,,,,,
DAL389_20180826,DAL389,DL389,a3ad5a,N336NW,A320,KATL,MMSD,MMSD,,,,,,,,
ROT1975_20180828,ROT1975,RO1975,4a08e6,YR-BGF,B737,LROP,,LROP,,unclear,unclear,unknown,,,,
ICE82B_20180829,ICE82B,FI308,4cc270,TF-ISF,B752,BIKF,,ESSA,,,,,,,,
WZZ8HT_20180830,WZZ8HT,W63031,471f63,HA-LXB,A321,LROP,EGKK,EGKK,,technical,planned,unknown,,,,
FDX5086_20180830,FDX5086,FX5086,acc619,N922FD,B752,LFPG,LFSB,LFSB,,unclear,planned,unknown,,,,
RYR82HC_20180831,RYR82HC,FR2131,4ca852,EI-EMJ,B738,EGCC,EGCC,GCRR,EGCC,medical,return,unknown,,,,
AFR377_20180831,AFR377,AF377,3949ee,F-GSPO,B772,KDTW,LFPG,LFPG,,medical,planned,unknown,,,,
CMP253_20180902,CMP253,CM253,0c20ce,HP-1854CMP,B738,KLAS,,MPTO,,,,,,,,
NDU604_20180902,NDU604,,a7d74b,N604ND,C172,KIWA,KIWA,KIWA,,,,,,,,
WJA439_20180904,WJA439,WS439,c04c36,C-GCWJ,B737,CYYZ,,CYEG,,,,,,,,
EZY78ED_20180905,EZY78ED,U21746,440181,OE-LQG,A319,EDDB,EDDF,LFBO,EDDF,smoke_burn_smell_flames,diverted,unknown,4bd4c17b,smoke_burn_smell_flames,diverted,unknown
FPO01G_20180907,FPO01G,5O501,396674,F-GZTU,B737,LFPG,LFBD,LFRS,LFBD,unclear,diverted,unknown,,,,
EZY8581_20180907,EZY8581,U28581,44014a,OE-IJB,A320,EGKK,LFPG,LEBL,LFPG,technical,diverted,unknown,,,,
QID503_20180908,QID503,,ae0475,58-0001,K35R,,EGUL,,,unclear,unclear,unknown,,,,
SWR1249_20180908,SWR1249,LX1249,4b1801,HB-JCJ,BCS3,ESSA,LSZH,LSZH,,engine,planned,unknown,4bd699d2,engine,planned,unknown
BEL515_20180911,BEL515,SN515,44ccd5,OO-SFU,A332,EBBR,EBBR,KIAD,EBBR,technical,return,unknown,4bd8d7c0,instrument,return,unknown
JBU741_20180913,JBU741,B6741,a898a9,N653JB,A320,KBOS,,KSRQ,,,,,,,,
ARG1478_20180916,ARG1478,AR1478,e071d1,LV-GGQ,B738,SANT,SABE,SABE,,,,,,,,
LAN706_20180918,LAN706,LA706,e80451,CC-BGK,B789,SCEL,,LEMD,,,,,,,,
AFR474_20180918,AFR474,AF474,3949ef,F-GSPP,B772,LFPG,LFPG,MPTO,LFPG,smoke_burn_smell_flames,return,unknown,4bdd92f0,smoke_burn_smell_flames,return,unknown
UAL2421_20180918,UAL2421,UA2421,aa56b5,N76516,B738,KIAH,KLAS,KLAS,,,,,,,,
UAL1640_20180918,UAL1640,UA1640,a05a25,N12125,B752,KLAX,KDEN,KEWR,KDEN,unclear,diverted,unknown,4bdd9121,smoke_burn_smell_flames,diverted,unknown
UAL102_20180919,UAL102,UA102,a8dd7b,N670UA,B763,KIAH,,EDDM,,,,,,,,
WJA175_20180921,WJA175,WS175,807eee,C-GWBT,B737,CYYZ,,CYWG,,,,,,,,
SKW4569_20180921,SKW4569,DL4569,ab1d89,N815SK,CRJ9,KBUR,KSLC,KSLC,,,,,,,,
RYR57KL_20180922,RYR57KL,FR1119,4cabbd,EI-FRN,B738,EGPH,EGSS,LFMK,EGSS,unclear,diverted,unknown,,,,
GEC8231_20180922,GEC8231,GEC8231,3c706b,D-ALCK,MD11,KLAX,EDDF,EDDF,,unclear,unclear,unknown,4be05f07,fuel_leak,planned,unknown
DJT100_20180924,DJT100,B0100,39cc06,F-HTAG,B752,LFPO,LFPO,KEWR,LFPO,unclear,return,hold_to_reduce,,,,
EXS612_20180925,EXS612,LS612,4067c4,G-GDFL,B733,LEGE,LFRN,EGNX,LFRN,unclear,diverted,unknown,4be27bd9,medical,diverted,unknown
SAS1049_20180928,SAS1049,SK1049,478397,LN-RRP,B736,ESNQ,ESPA,ESSA,ESPA,smoke_burn_smell_flames,unclear,unknown,4be477d0,engine,diverted,unknown
VLG1524_20180928,VLG1524,VY1524,343046,EC-KLB,A320,LEBL,LFRS,LFRN,LFRS,unclear,diverted,unknown,,,,
RPA5936_20181001,RPA5936,DL5936,a1acdb,N207JQ,E75S,KDTW,KGRR,KGRR,,,,,,,,
ACA833_20181002,ACA833,AC833,c051e6,C-GFAJ,A333,EBBR,CYUL,CYUL,,,,,,,,
ARG1284_20181002,ARG1284,AR1284,e07191,LV-GFQ,B738,SAEZ,SCEL,SCEL,,,,,,,,
ROU1681_20181003,ROU1681,AC1681,c01945,C-FJOU,A321,CYYZ,CYYJ,CYYJ,,,,,,,,
QID613_20181003,QID613,,ae0390,63-7999,K35R,,EGUN,,,unclear,unclear,unknown,,,,
WJA2_20181004,WJA2,WS2,c06a4a,C-GOGN,B763,EGKK,EGPF,CYYC,EGPF,medical,diverted,unknown,,,,
CFG226_20181006,CFG226,DE2226,3c4aa1,D-ABUA,B763,EDDF,EDDF,MDPC,EDDF,unclear,return,unknown,,,,
IBK7MZ_20181006,IBK7MZ,D82671,406f26,G-NRWY,B738,LPFR,LFRS,EGKK,LFRS,unclear,diverted,unknown,,,,
EZY74PB_20181007,EZY74PB,U26939,440080,OE-IVI,A320,EGPH,EGPH,EPKK,EGPH,medical,return,unknown,,,,
BRU974_20181008,BRU974,B2974,51008d,EW-437PA,B738,UUBW,,UMMS,,unclear,unclear,unknown,4bec1438,cabin_pressure,planned,unknown
SHT3L_20181009,SHT3L,BA1399,40087a,G-EUPK,A319,EGCC,EGLL,EGLL,,landing_gear,planned,unknown,,,,
RYR22BH_20181009,RYR22BH,FR6606,4cace0,EI-GJT,B738,LPPR,EGPH,EGPH,,unclear,planned,unknown,4cea9f3f,misc,planned,unknown
SVA020_20181011,SVA020,SV20,710121,HZ-AK43,B77W,KJFK,LFPG,OEJN,LFPG,unclear,diverted,unknown,,,,
TCX4HR_20181012,TCX4HR,MT1063,4069ea,G-TCDB,A321,LEMH,EGBB,EGGD,EGBB,medical,diverted,unknown,,,,
DLH8AH_20181013,DLH8AH,LH2382,3c4dcd,D-ACNM,CRJ9,EDDM,LSGG,LSGG,,smoke_burn_smell_flames,planned,unknown,4beec724,smoke_burn_smell_flames,planned,unknown
AVA088_20181013,AVA088,AV88,aabbd0,N791AV,B788,SAEZ,SAEZ,SKBO,SAEZ,technical,return,unknown,4bf02c72,slats,return,fueldump
UAL933_20181014,UAL933,UA933,a1d546,N217UA,B772,EDDF,KIAD,KIAD,,,,,,,,
WZZ6TM_20181015,WZZ6TM,W61593,471ea5,HA-LPT,A320,EPWA,,LPPT,LKPR,medical,diverted,unknown,,,,
AFR17DA_20181017,AFR17DA,AF1605,392af8,F-GKXY,A320,LIRF,LIMC,LFPG,LIMC,technical,diverted,unknown,4bf2321a,fuel_leak,diverted,unknown
SKW4539_20181018,SKW4539,DL4539,aa75c6,N773SK,CRJ7,KTUS,,KSLC,,,,,,,,
CFG184_20181020,CFG184,DE2184,3c4aaf,D-ABUO,B763,EDDF,EDDF,MUHA,EDDF,medical,diverted,unknown,,,,
DAL933_20181020,DAL933,DL933,a48e3a,N393DA,B738,KSLC,,MMUN,,,,,,,,
JBU570_20181021,JBU570,B6570,a8222c,N623JB,A320,KFLL,KBOS,KBOS,,,,,,,,
EVA011_20181023,EVA011,,8990d7,B-16708,B77W,,,,,,,,,,,
FDX621_20181023,FDX621,FX621,a83477,N628FE,MD11,KAUS,,KMEM,,,,,,,,
DAL589_20181023,DAL589,DL589,ab03a4,N809DN,B739,KMSP,KMSP,KSEA,KMSP,cracked_windshield,return,unknown,4bf6199a,misc,return,unknown
ASH6004_20181024,ASH6004,AA6004,ad4bfb,N956LR,CRJ9,KDFW,KMFE,KMFE,,,,,,,,
ARG1141_20181025,ARG1141,AR1141,e06589,LV-FVI,A332,LIRF,,SAEZ,,,,,,,,
UAL1566_20181026,UAL1566,UA1566,a52c4f,N432UA,A320,KIAD,MMMX,MMMX,,,,,,,,
STK85YM_20181027,STK85YM,EI3805,4caad8,EI-FAT,AT76,EGPH,EGPF,EICK,EGPF,unclear,diverted,unknown,,,,
AFR24NG_20181029,AFR24NG,AF6023,393320,F-GMZA,A321,LFML,LFLL,LFPO,LFLL,smoke_burn_smell_flames,diverted,unknown,,,,
VIV3719_20181030,VIV3719,VB3719,0d0ac8,XA-VAY,A320,MMTJ,,MMMX,,,,,,,,
FDX1446_20181031,FDX1446,FX1446,aa1e41,N751FD,A306,KMEM,KPIT,KPIT,,,,,,,,
TAP087_20181101,TAP087,TP87,4951e2,CS-TOB,A343,LPPT,,SBGR,,,,,,,,
DAL2412_20181101,DAL2412,DL2412,abd2e6,N861DN,B739,KMSP,KSFO,KSFO,,unclear,unclear,unknown,,,,
UAL1014_20181101,UAL1014,UA1014,a923a9,N68823,B739,KIAH,,MMUN,,,,,,,,
ASH6075_20181102,ASH6075,UA6075,ac0418,N87319,E75L,KOKC,KIAD,KIAD,,,,,,,,
JKR85_20181104,JKR85,,aba7d7,N850FB,H25B,,KDAL,,,,,,,,,
TAP573_20181105,TAP573,TP573,495296,CS-TTV,A319,EDDF,LFPO,LPPT,LFPO,medical,diverted,unknown,,,,
TOM38V_20181106,TOM38V,BY4226,40665f,G-TAWB,B738,EGKK,,GCTS,LPPT,medical,diverted,unknown,,,,
BAW269_20181106,BAW269,BA269,406a04,G-XLEE,A388,EGLL,EGLL,KLAX,EGLL,engine,return,fueldump,,,,
SKW5932_20181106,SKW5932,UA5932,a1a9f4,N206SY,E75L,KSFO,KSFO,KMSP,KSFO,unclear,return,unknown,,,,
RYR7VF_20181107,RYR7VF,FR1909,4caca9,EI-GDZ,B738,EPGD,EGNT,EIDW,EGNT,medical,diverted,unknown,,,,
ICE430_20181108,ICE430,FI430,4cc2a3,TF-FIN,B752,BIKF,,EGPF,,unclear,unclear,unknown,,,,
SWA1948_20181108,SWA1948,WN1948,abb8ea,N8542Z,B738,KSDF,KDEN,KDEN,,,,,,,,
AZA74F_20181108,AZA74F,AZ110,4ca7bd,EI-DTF,A320,LIRF,EDDF,EHAM,EDDF,unclear,diverted,unknown,,,,
VIR651Y_20181109,VIR651Y,VS651,400f63,G-VWEB,A346,EGLL,LEBL,DNMM,LEBL,medical,diverted,fueldump,,,,
TPU966_20181112,TPU966,AV966,a611c2,N490TA,A320,SAEZ,,SPJC,,,,,,,,
ENY3436_20181113,ENY3436,AA3436,a252a7,N249NN,E75L,KDFW,KXNA,KXNA,,,,,,,,
AAL2665_20181113,AAL2665,AA2665,a47903,N388AA,B763,KPHL,KPHL,KMIA,KPHL,cabin_pressure,return,unknown,4c05e30c,maintenance,return,unknown
AFR102J_20181114,AFR102J,AF1024,392af8,F-GKXY,A320,LFPG,,LPPT,LFBD,technical,diverted,unknown,,,,
SWA2263_20181116,SWA2263,WN2263,aaa929,N7860A,B737,KLAX,KPHX,KPHX,,,,,,,,
BAW869_20181117,BAW869,BA869,400980,G-EUUE,A320,LHBP,,EGLL,,unclear,planned,unknown,,,,
AFR1464_20181119,AFR1464,AF1464,3944f3,F-GRHT,A319,LFPG,LFPG,ULLI,LFPG,unclear,return,unknown,,,,
GLO1524_20181119,GLO1524,G31524,e48c2f,PR-GUX,B738,SBGR,SBFZ,SBFZ,,,,,,,,
EZY130_20181123,EZY130,U2130,4074af,G-EZRP,A320,EGAA,EGCC,EGCC,,unclear,planned,unknown,,,,
AFR362V_20181123,AFR362V,AF362V,3991e1,F-HEPB,A320,LFBO,LFPG,LFPG,,unclear,planned,unknown,,,,
UAL21_20181124,UAL21,UA21,a92d6d,N69020,B772,EHAM,EGPH,KIAH,EGPH,unclear,diverted,unknown,,,,
VIR16B_20181125,VIR16B,VS16,4008f6,G-VROS,B744,KMCO,,EGKK,EIDW,medical,diverted,unknown,,,,
SHT64U_20181126,SHT64U,BA1469,400941,G-EUOI,A319,EGPE,EGLL,EGLL,,cabin_pressure,planned,unknown,,,,
CRL911_20181126,CRL911,SS911,39ca8d,F-HSUN,B744,FMEE,LFPO,LFPO,,bird,planned,unknown,,,,
JIA5686_20181128,JIA5686,OH5686,a79890,N589NN,CRJ9,KCLT,,KLIT,,,,,,,,
AAL63_20181129,AAL63,AA63,aa1dcd,N751AN,B772,LFPG,EINN,KMIA,EINN,engine,diverted,unknown,4c0ea5a0,engine,diverted,unknown
UAL818_20181201,UAL818,UA818,a43667,N37018,B772,SAEZ,,KIAH,,,,,,,,
AAL80_20181201,AAL80,AA80,aaa6dd,N786AN,B772,KDFW,,EGLL,,,,,,,,
SWA3763_20181202,SWA3763,WN3763,a2536f,N249WN,B737,KLGA,KMDW,KMDW,,,,,,,,
IBK5FM_20181203,IBK5FM,D85330,4ca5c0,EI-FHX,B738,LEAL,,ENTO,LFPO,unclear,diverted,unknown,,,,
QXE2235_20181203,QXE2235,AS2235,a83f30,N630QX,E75L,KPHX,,KSEA,,,,,,,,
SWA1915_20181205,SWA1915,WN1915,a620f5,N494WN,B737,KSMF,KLAS,KLAS,,,,,,,,
AAL2536_20181205,AAL2536,AA2536,ac72af,N9008U,A319,KDFW,KMSY,KMSY,,,,,,,,
AFR765U_20181206,AFR765U,AF7651,392aeb,F-GKXL,A320,LFLL,LFPG,LFPG,,cabin_pressure,unclear,unknown,,,,
AAL207_20181206,AAL207,AA207,a47903,N388AA,B763,LIMC,,KMIA,KJFK,technical,diverted,unknown,,,,
ABY1692_20181206,ABY1692,G91692,8964da,A6-AOT,A320,OEJN,OMSJ,OMSJ,,unclear,unclear,unknown,,,,
ARG1543_20181207,ARG1543,AR1543,e072d3,LV-GKS,B738,SAME,SABE,SABE,,,,,,,,
EWG7AB_20181207,EWG7AB,EW9770,3c4895,D-ABDU,A320,EDDL,EDDN,LKPR,EDDN,medical,diverted,unknown,,,,
RPA4499_20181208,RPA4499,AA4499,a0634c,N124HQ,E75S,KDCA,KHSV,KHSV,,,,,,,,
CPZ6064_20181209,CPZ6064,AA6064,a1d4bc,N217NN,E75L,KLAX,KRNO,KRNO,,,,,,,,
EZY64VZ_20181209,EZY64VZ,U26982,405635,G-EZDF,A319,LPPT,EGPH,EGPH,,unclear,unclear,unknown,,,,
UAL14_20181211,UAL14,UA14,a8a110,N655UA,B763,KEWR,,EGLL,,unclear,planned,unknown,,,,
EJA515_20181211,EJA515,1I515,a67571,N515QS,C68A,,KCMH,,,unclear,unclear,unknown,,,,
LET7239_20181212,LET7239,,0d08d4,XA-MBT,LJ75,,,,,,,,,,,
AZU8710_20181212,AZU8710,AD8710,e4910e,PR-AIW,A332,SBRF,,KMCO,,,,,,,,
EZY42LB_20181213,EZY42LB,U26995,405635,G-EZDF,A319,EGPH,EGGD,LEMD,EGGD,unclear,diverted,unknown,,,,
OPT374_20181214,OPT374,,a4433a,N374FX,E55P,,KLAX,,,unclear,unclear,unknown,,,,
RYR51AA_20181215,RYR51AA,FR7124,4ca84a,EI-EMB,B738,EIDW,EIDW,GCRR,EIDW,unclear,return,unknown,,,,
SHT13H_20181216,SHT13H,BA1327,400804,G-EUPD,A319,EGNT,EGLL,EGLL,,engine,planned,unknown,,,,
NKS1083_20181220,NKS1083,NK1083,a86671,N640NK,A320,KMCO,KDFW,KDFW,,,,,,,,
ASA395_20181221,ASA395,AS395,a5bb1b,N469AS,B739,KSEA,KPDX,KPDX,,,,,,,,
AAL1619_20181221,AAL1619,AA1619,abfb46,N871NN,B738,KPHX,,KSEA,,,,,,,,
NJE731L_20181221,NJE731L,,494101,CS-PHA,E55P,,,,,unclear,unclear,unknown,,,,
UPS2916_20181221,UPS2916,5X2916,a2682a,N254UP,MD11,KSDF,KMCI,KONT,KMCI,unclear,diverted,unknown,,,,
GLO1523_20181223,GLO1523,G31523,e47ecd,PR-GTA,B738,SBFZ,,SBGR,,,,,,,,
BAW2578_20181226,BAW2578,BA2578,406b58,G-GATH,A320,EGKK,LFPG,LIMF,LFPG,smoke_burn_smell_flames,diverted,unknown,4c2125ae,smoke_burn_smell_flames,diverted,unknown
SWA2310_20181229,SWA2310,WN2310,abc7a3,N8581Z,B738,KBWI,KALB,KALB,,,,,,,,
UAE816_20181229,UAE816,EK816,896316,A6-ENT,B77W,OERK,OMDB,OMDB,,medical,planned,unknown,,,,
WOW76P_20181230,WOW76P,WW761,4cc4ff,TF-JOY,A321,EDDF,EGPH,BIKF,EGPH,medical,diverted,unknown,,,,
JIA5633_20181231,JIA5633,AA5633,a70bc9,N553NN,CRJ9,KPIT,KCLT,KCLT,,,,,,,,
ACA878_20190101,ACA878,AC878,c038a7,C-FVLU,B789,CYYZ,,LSZH,,,,,,,,
AAL944_20190104,AAL944,AA944,aae465,N8001N,A319,KSTL,KMIA,KMIA,,,,,,,,
QXE2554_20190106,QXE2554,AS2554,a822d6,N623QX,E75L,KSJC,KPDX,KPDX,,,,,,,,
CCM780R_20190108,CCM780R,XK780,398640,F-HBSA,A320,LFKB,LFLL,LFPO,LFLL,unclear,diverted,unknown,,,,
TVF19JZ_20190108,TVF19JZ,,3964e3,F-GZHD,B738,,LFPO,,,unclear,unclear,unknown,,,,
AWI4856_20190109,AWI4856,UA4856,a58fe9,N458AW,CRJ2,KORD,KMKE,KMKE,,,,,,,,
AAL305_20190110,AAL305,AA305,a09cad,N139AN,A321,KMIA,KDFW,KSEA,KDFW,medical,diverted,unknown,,,,
CPZ6033_20190110,CPZ6033,CP6033,a1cd4e,N215NN,E75L,KLAX,KPDX,KSFO,KPDX,,,,,,,
SWA1260_20190110,SWA1260,WN1260,abb4ea,N8530W,B738,KDAL,KPHL,KPHL,,,,,,,,
EZY73ED_20190110,EZY73ED,U28200,400db1,G-EZAN,A319,LIMC,LFPG,EGKK,LFPG,medical,diverted,unknown,,,,
WIG8407_20190111,WIG8407,WIG8407,a9cf55,N731FX,C208,KALB,,KPBG,,,,,,,,
NKS327_20190112,NKS327,NK327,a9335a,N692NK,A320,KBWI,,KIAH,,,,,,,,
AAL1328_20190112,AAL1328,AA1328,abca00,N859NN,B738,KDFW,KCOS,KCOS,,,,,,,,
STK265B_20190113,STK265B,EI3265,4ca161,EI-FCZ,AT76,EGBB,EGCC,EIDW,EGCC,medical,diverted,unknown,,,,
ICE53B_20190114,ICE53B,FI441,4cc271,TF-ISK,B752,EGCC,EGPF,BIKF,EGPF,smoke_burn_smell_flames,diverted,unknown,4c2eb46c,smoke_burn_smell_flames,diverted,unknown
CLX7303_20190116,CLX7303,CV7303,4d0113,LX-VCJ,B748,WMKK,,ZHCC,WMKK,smoke_burn_smell_flames,return,unknown,4c2f22d4,smoke_burn_smell_flames,return,unknown
VIR3N_20190117,VIR3N,VS3,4063e6,G-VSXY,A333,EGLL,EGLL,KJFK,EGLL,engine,return,unknown,4c2ff008,engine,return,unknown
EZY721Z_20190118,EZY721Z,U24319,405631,G-EZDA,A319,LFLL,LFLL,LFRN,LFLL,unclear,return,unknown,,,,
RPA3301_20190118,RPA3301,UA3301,a871ec,N643RW,E170,CYRQ,KIND,KIND,,,,,,,,
AVA088_20190120,AVA088,AV88,a2c7ff,N279AV,A332,SAEZ,,SKBO,,,,,,,,
UAL342_20190120,UAL342,UA342,aa7e7a,N77536,B738,KORD,KPHL,KBOS,KPHL,fuel_leak,diverted,unknown,,,,
EZY64UQ_20190120,EZY64UQ,U2889,40631d,G-EZFY,A319,EGKK,EGPF,EGPF,,technical,planned,unknown,,,,
TAM3090_20190120,TAM3090,LA3090,e4808c,PR-MHF,A320,SBGL,,SBSG,,,,,,,,
VOI893_20190120,VOI893,Y4893,a6a11e,N526VL,A320,KDFW,,MMGL,,,,,,,,
GLO1586_20190121,GLO1586,G31586,e4814a,PR-VBF,B738,SBGR,,SBSG,,,,,,,,
SHT18H_20190121,SHT18H,BA1318,400940,G-EUOH,A319,EGLL,,EGPD,,medical,planned,unknown,,,,
SKW5113_20190121,SKW5113,UA5113,acae9a,N916SW,CRJ2,KDEN,KDEN,KRKS,KDEN,unclear,return,hold_to_reduce,,,,
AAL1860_20190123,AAL1860,AA1860,aa2e6f,N755US,A319,KCLT,KALB,KALB,,,,,,,,
AIJ2454_20190124,AIJ2454,4O2454,0d0abb,XA-JOE,A21N,MMMX,MMHO,MMHO,,,,,,,,
JIA5203_20190124,JIA5203,AA5203,a7b4ea,N596NN,CRJ9,KPIT,KCLT,KCLT,,,,,,,,
KLM1293_20190124,KLM1293,KL1293,48455b,PH-BGD,B737,EHAM,EGPH,EGPH,,unclear,planned,unknown,,,,
IRO8955_20190125,IRO8955,IRO8955,a9840e,N712FX,C208,KFNT,,KAPN,,,,,,,,
TAO536_20190126,TAO536,VW536,0d0a25,XA-UYM,AT76,MMPS,MMMX,MMMX,,,,,,,,
FFT1428_20190126,FFT1428,F91428,a98408,N712FR,A321,KPHX,KPHX,KORD,KPHX,unclear,return,hold_to_reduce,,,,
BAW91C_20190126,BAW91C,BA191,406948,G-STBH,B77W,EGLL,EGPF,KAUS,EGPF,medical,diverted,fueldump,,,,
EJA404_20190128,EJA404,1I404,a4bcec,N404QS,E55P,,KMCO,,,,,,,,,
ACA265_20190128,ACA265,AC265,c010ea,C-FGKN,A321,CYYZ,,CYWG,,,,,,,,
WJA706_20190129,WJA706,WS706,c07e62,C-GVWJ,B737,CYVR,CYYZ,CYYZ,,,,,,,,
SWA1687_20190129,SWA1687,WN1687,a7130c,N555LV,B737,KBWI,,TJSJ,,,,,,,,
UAL1010_20190130,UAL1010,UA1010,a3ef1b,N35236,B738,KIAH,,MMUN,,,,,,,,
AFR724_20190201,AFR724,AF724,392f29,F-GLZJ,A343,LFPG,LFPG,GQNO,LFPG,medical,return,unknown,,,,
GLO1591_20190201,GLO1591,G31591,e4814a,PR-VBF,B738,SBSG,,SBGR,,,,,,,,
UAL62_20190202,UAL62,UA62,a8c4d8,N664UA,B763,KIAH,,SBGR,,,,,,,,
RPA6119_20190203,RPA6119,DL6119,a1acdb,N207JQ,E75S,KBOS,KRIC,KRIC,,,,,,,,
AMC101_20190204,AMC101,KM101,4d2025,9H-AEO,A320,EGLL,LSGG,LMML,LSGG,medical,diverted,unknown,,,,
SVA926_20190205,SVA926,SV926,71001b,HZ-AI4,B748,EDDF,EDDF,OERK,EDDF,unclear,return,unknown,4c5d339a,medical,return,unknown
FDX1650_20190206,FDX1650,FX1650,a7fa65,N613FE,MD11,KLAX,KIND,KIND,,,,,,,,
UAE15_20190208,UAE15,EK15,8960ed,A6-EDL,A388,OMDB,EGCC,EGKK,EGCC,weather_damage,diverted,unknown,4c43df30,misc,diverted,unknown
AMX008_20190209,AMX008,AM8,ad7633,N967AM,B788,EGLL,,MMMX,EGLL,cabin_pressure,return,unknown,4c406589,air_condition,return,unknown
DLH595_20190214,DLH595,LH595,3c6573,D-AIKS,A333,DNAA,,EDDF,,unclear,unclear,unknown,,,,
AAL2772_20190215,AAL2772,AA2772,ac0dd9,N876NN,B738,KJFK,KAUS,KAUS,,,,,,,,
GLO1554_20190215,GLO1554,G31554,e47faa,PR-GTJ,B738,SBSP,,SBRF,,,,,,,,
JBU1166_20190217,JBU1166,B61166,aac3f4,N793JB,A320,KLGB,KSMF,KSMF,,,,,,,,
NAA6030_20190218,NAA6030,DN6030,e08448,LV-HQH,B738,SABE,,SACO,,,,,,,,
EZY13MR_20190218,EZY13MR,U23385,400d8c,G-EZAB,A319,LIPZ,EGPH,EGPH,,unclear,planned,unknown,,,,
WJA701_20190219,WJA701,WS701,c0809d,C-GWSI,B736,CYYZ,,CYVR,,,,,,,,
AZU8750_20190221,AZU8750,AD8750,e4908e,PR-AIV,A332,SBKP,,LPPT,,,,,,,,
FDX5392_20190221,FDX5392,FX5392,a841f5,N631FE,MD11,LFPG,LFPG,KEWR,LFPG,unclear,return,unknown,,,,
TVF44PQ_20190221,TVF44PQ,TO3401,3964f9,F-GZHZ,B738,LPPR,LFPO,LFPO,,medical,planned,unknown,,,,
SWA597_20190222,SWA597,WN597,abb624,N8539V,B738,KHOU,,KPHX,,,,,,,,
SCR356_20190225,SCR356,JQ356,7c6273,VH-TQD,DH8C,NZNR,NZAA,NZAA,,unclear,planned,unknown,,,,
RYR419Y_20190225,RYR419Y,FR4191,4ca34a,EI-FIA,B738,LIME,EDDF,EGSS,EDDF,unclear,diverted,unknown,,,,
RFR7230_20190226,RFR7230,,43c8d8,ZM337,E50P,,EGNX,,,unclear,unclear,unknown,,,,
UAL1712_20190226,UAL1712,UA1712,aa7abd,N77430,B739,KDEN,KSMF,KSMF,,,,,,,,
ASA1100_20190226,ASA1100,AS1100,ab7ba5,N839VA,A320,KSFO,KBNA,KBNA,,,,,,,,
SKW4167_20190228,SKW4167,DL4167,a26bb8,N255SY,E75L,KSLC,KBUR,KBUR,,,,,,,,
QTR726_20190301,QTR726,QR726,06a2af,A7-BEK,B77W,KORD,LFPG,OTHH,LFPG,medical,diverted,unknown,,,,
EZY85YK_20190301,EZY85YK,U26931,406a95,G-EZWU,A320,EGPH,EGPH,EDDH,EGPH,unclear,return,unknown,,,,
NKS643_20190301,NKS643,NK643,ac7b87,N903NK,A20N,KDTW,KTPA,KTPA,,,,,,,,
AME4566_20190304,AME4566,,35350b,T.18-5,F900,,LFBO,,,unclear,unclear,unknown,,,,
ENY3451_20190304,ENY3451,AA3451,a29680,N266NN,E75L,KDFW,,MMMY,,,,,,,,
RYR6827_20190305,RYR6827,FR6827,4ca9d3,EI-EVK,B738,LPFR,EGPH,EGPH,,unclear,planned,unknown,,,,
TAM3852_20190306,TAM3852,LA3852,e48053,PR-MHK,A320,SBGL,SBFZ,SBFZ,,,,,,,,
AFR361V_20190306,AFR361V,AF361V,3991e8,F-HEPI,A320,LFBO,LFPG,LFPG,,unclear,unclear,unknown,,,,
FDX1601_20190307,FDX1601,FX1601,a10fe8,N168FE,B763,KDFW,KIND,KIND,,,,,,,,
EZY96LA_20190307,EZY96LA,U2464,406669,G-EZUO,A320,EGPF,EGPF,EGAA,EGPF,technical,return,hold_to_reduce,4c51a57b,hydraulics,return,unknown
SWA2263_20190308,SWA2263,WN2263,aa5d2e,N767SW,B737,KSTL,KBOS,KLGA,KBOS,,,,,,,
AFR848_20190309,AFR848,AF848,3965a6,F-GZNG,B77W,LFPO,LFRU,TFFF,LFRB,medical,diverted,unknown,,,,
UAL36_20190310,UAL36,UA36,a16ee0,N19141,B752,KEWR,EGPH,EGPH,,unclear,unclear,unknown,,,,
ASQ3996_20190310,ASQ3996,UA3996,a03331,N11164,E45X,KBHM,KORD,KORD,,,,,,,,
BGA114D_20190311,BGA114D,,394a63,F-GSTD,A3ST,LFBO,LFBO,EGNR,LFBO,unclear,return,hold_to_reduce,,,,
ACA302_20190311,ACA302,AC302,c05840,C-GHKX,A333,CYVR,,CYUL,,,,,,,,
FDX458_20190312,FDX458,FX458,a03423,N112FE,B763,KMCO,,KMEM,,,,,,,,
ASP519_20190312,ASP519,,c001e4,C-FASP,C25A,,,,,,,,,,,
BAW486_20190314,BAW486,BA486,405455,G-EUUU,A320,EGLL,LEBL,LEBL,,unclear,unclear,unknown,,,,
CRL924_20190315,CRL924,SS924,394e88,F-GTUI,B744,LFPO,LFPO,TFFF,LFPO,unclear,return,unknown,,,,
AAY433_20190315,AAY433,G4433,a1e241,N220NV,A320,KLAS,,KTYS,,,,,,,,
BAW2597_20190317,BAW2597,BA2597,400b83,G-DBCE,A319,LIPX,EGKK,EGKK,,unclear,planned,unknown,,,,
GAC903L_20190317,GAC903L,,44058f,OE-FZA,C510,,LFML,,,unclear,unclear,unknown,,,,
AAL163_20190317,AAL163,AA163,acd5ad,N926NN,B738,KLAX,KDCA,KDCA,,,,,,,,
RYR75XJ_20190319,RYR75XJ,FR8121,4ca64e,EI-DYL,B738,EGGD,EGGD,LEMG,EGGD,medical,return,unknown,,,,
RPA4621_20190319,RPA4621,AA4621,a4c170,N405YX,E75S,KPHL,KPHL,KSTL,KPHL,cabin_pressure,return,unknown,,,,
AWI4827_20190319,AWI4827,UA4827,a4f5a4,N419AW,CRJ2,KALB,KORD,KORD,,,,,,,,
EZY4306_20190325,EZY4306,U24306,4401c3,OE-IJJ,A320,LFLL,LFBD,LFBD,,unclear,unclear,unknown,,,,
ASQ4001_20190327,ASQ4001,UA4001,a0c7ce,N14993,E145,KCLE,KAVP,KLGA,KAVP,,,,,,,
ACA871_20190327,ACA871,AC871,c023bb,C-FNNU,B77W,LFPG,CYUL,CYUL,,,,,,,,
SWA206_20190327,SWA206,WN206,abb19c,N8523W,B738,KBNA,KDEN,KDEN,,,,,,,,
SWA2184_20190327,SWA2184,WN2184,a22839,N238WN,B737,KTPA,,KDEN,,,,,,,,
AZA352_20190329,AZA352,AZ352,4ca9de,EI-RDC,E75S,LIML,,LFPO,,unclear,unclear,unknown,,,,
EXS918_20190329,EXS918,LS918,406735,G-LSAN,B752,GCTS,EGCC,EGCC,,unclear,planned,unknown,,,,
VIR76X_20190330,VIR76X,VS76,400678,G-VAST,B744,KMCO,EGCC,EGCC,,unclear,planned,unknown,,,,
EWG14V_20190330,EWG14V,EW7533,3c56f3,D-AEWS,A320,GCTS,EDDH,EDDH,LFPG,unclear,diverted,unknown,,,,
DAL7_20190330,DAL7,DL7,ab398a,N822NW,A333,KLAX,,RJTT,,,,,,,,
DAL880_20190330,DAL880,DL880,acd883,N927DN,MD90,KATL,KROC,KROC,,,,,,,,
SXD3N_20190331,SXD3N,,3c0a43,D-ASXA,B738,,,,,unclear,unclear,unknown,,,,
UAL2745_20190401,UAL2745,UA2745,a3c3e6,N34137,B752,EIDW,EIDW,KIAD,EIDW,operational_issue,return,unknown,,,,
SWA2252_20190402,SWA2252,WN2252,a737c7,N564WN,B737,KAUS,,KATL,,,,,,,,
LXJ541_20190402,LXJ541,,a6dc36,N541FX,CL30,,,,,,,,,,,
CSJ213_20190404,CSJ213,CSJ213,a0259c,N1086F,C208,KFSD,CYHM,CYHM,,,,,,,,
DLH88E_20190404,DLH88E,LH1792,3c6483,D-AIDC,A321,EDDM,,LPPT,LFBO,unclear,diverted,unknown,,,,
EWG592_20190405,EWG592,EW592,3c49b6,D-ABMV,B738,EDDK,EDDK,LEPA,EDDK,unclear,return,unknown,4c64e832,landing_gear,return,unknown
PAT482_20190405,PAT482,,ae03fd,823132,BE20,,,,,,,,,,,
SKW3885_20190406,SKW3885,DL3885,a26bb8,N255SY,E75L,KSLC,KLGB,KLGB,,,,,,,,
BAW81V_20190407,BAW81V,BA194,40073f,G-BYGG,B744,KIAH,EGLL,EGLL,,unclear,unclear,unknown,,,,
FLC66_20190408,FLC66,,a8b1df,N66,BE30,KJAN,KRYY,KRYY,,,,,,,,
DLH506_20190408,DLH506,LH506,3c4b35,D-ABYU,B748,EDDF,EDDF,SBGR,EDDF,smoke_burn_smell_flames,return,fueldump,4c677b39,smoke_burn_smell_flames,return,unknown
DLH404_20190408,DLH404,LH404,3c4b31,D-ABYQ,B748,EDDF,KJFK,KJFK,,,,,,,,
SKW3882_20190410,SKW3882,DL3882,ab24f7,N817SK,CRJ9,KATL,,KTLH,,,,,,,,
DAL2031_20190410,DAL2031,DL2031,acdc3a,N928DN,MD90,KATL,KMKE,KMKE,,,,,,,,
BAW265N_20190411,BAW265N,BA2652,400d5a,G-DBCG,A319,EGKK,EBBR,LOWS,EBBR,smoke_burn_smell_flames,diverted,unknown,,,,
LOF4667_20190413,LOF4667,UA4667,a11fe7,N17146,E45X,KORD,KSDF,KSDF,,,,,,,,
FIN6EN_20190413,FIN6EN,AY1361,461f36,OH-LVI,A319,EFHK,ESSA,EGCC,EFHK,cabin_pressure,diverted,unknown,4c6a625f,cabin_pressure,diverted,unknown
DAL1644_20190414,DAL1644,DL1644,abd2e6,N861DN,B739,KSLC,KLAS,KLAS,,,,,,,,
AMX026_20190415,AMX026,AM26,0d0a9b,XA-ADH,B789,EHAM,EHAM,MMMX,EHAM,technical,return,hold_to_reduce,4c6d2f8c,instrument,return,unknown
AAL1630_20190415,AAL1630,AA1630,a00df9,N102UW,A320,KATL,,KDFW,,,,,,,,
FFT1072_20190417,FFT1072,F91072,a3965c,N330FR,A20N,KMCO,,KDTW,,,,,,,,
UAL1028_20190418,UAL1028,UA1028,ac5d61,N896UA,A319,KIAH,MMMX,MMMX,,,,,,,,
UAE9964_20190419,UAE9964,EK9964,89616f,A6-EFI,B77L,KORD,,EBBR,,,,,,,,
BAW102_20190419,BAW102,BA102,406890,G-ZBJC,B788,CYYC,EGLL,EGLL,,medical,planned,unknown,,,,
TAM3312_20190419,TAM3312,LA3312,e491b0,PT-XPF,A321,SBGR,SBFZ,SBFZ,,,,,,,,
NDU575_20190419,NDU575,,a7622c,N575ND,C172,KIWA,KIWA,KIWA,,,,,,,,
TAM3167_20190420,TAM3167,LA3167,e49206,PT-XPJ,A321,SBSG,,SBGR,,,,,,,,
BAW17V_20190421,BAW17V,BA218,40054d,G-CIVA,B744,KDEN,EGLL,EGLL,,medical,planned,unknown,,,,
AAL90_20190421,AAL90,AA90,aaf0c6,N804AN,B788,KORD,,EGLL,,,,,,,,
SWA5401_20190421,SWA5401,WN5401,a196c8,N201LV,B737,KPHX,KSMF,KSMF,,,,,,,,
SWA2593_20190421,SWA2593,WN2593,ad21bc,N945WN,B737,,KBWI,,,,,,,,,
AFR459_20190423,AFR459,AF459,3949ef,F-GSPP,B772,SBGR,,LFPG,,,,,,,,
ENY3351_20190423,ENY3351,MQ3351,a8d2a8,N668HH,E145,KORD,KATW,KATW,,,,,,,,
OAE351_20190423,OAE351,OY351,a45199,N378AX,B763,,KBFI,,,,,,,,,
TUI6AG_20190424,TUI6AG,X32258,3c0ca7,D-ATUO,B738,EDDF,LFPG,GCLP,LFPG,technical,diverted,unknown,4c72676b,smoke_burn_smell_flames,diverted,unknown
EZY95JK_20190424,EZY95JK,U27157,40690d,G-EZWL,A320,EGGP,EGCC,GCRR,EGCC,hydraulics,diverted,unknown,,,,
FDX5190_20190426,FDX5190,FX5190,ad0799,N939FD,B752,LFPG,EHAM,ESSA,EHAM,unclear,planned,unknown,4c731267,cabin_pressure,diverted,unknown
AFL2101_20190426,AFL2101,SU2101,155bd1,RA-89041,SU95,EVRA,EVRA,UUEE,EVRA,unclear,return,unknown,4c7307be,cabin_pressure,return,unknown
AFL1186_20190427,AFL1186,SU1186,155c0c,RA-89100,SU95,UUEE,UUEE,URWW,UUEE,unclear,return,unknown,,,,
EZY31AB_20190427,EZY31AB,U26430,400c41,G-EZNM,A319,LEPA,EGCC,EGNT,EGCC,medical,diverted,unknown,,,,
DAL490_20190427,DAL490,DL490,ac8983,N907DL,MD88,KATL,,KRSW,,,,,,,,
RYR95BZ_20190428,RYR95BZ,FR7411,4ca376,EI-FIE,B738,LPFR,LFPG,EHEH,LFOB,engine,diverted,unknown,4c747022,engine,diverted,unknown
KZR859_20190428,KZR859,KC859,484355,P4-NAS,A321,UAAA,UAAA,UATE,UAAA,unclear,return,unknown,,,,
TOM5CY_20190428,TOM5CY,BY7729,4067f1,G-TAWN,B738,GCTS,EGNX,EGNX,,fuel_leak,planned,unknown,,,,
UAL929_20190429,UAL929,UA929,a8a87e,N657UA,B763,EGLL,EGLL,KORD,EGLL,smoke_burn_smell_flames,return,unknown,4cdda378,smoke_burn_smell_flames,return,unknown
CKS405_20190429,CKS405,K4405,aa50a0,N764CK,B763,KCVG,KSFO,,,,,,,,,
AWI3786_20190429,AWI3786,UA3786,a4bf49,N405AW,CRJ2,KORD,,KTVC,,,,,,,,
UAL895_20190429,UAL895,UA895,aa92fa,N78003,B772,KORD,,VHHH,,,,,,,,
AMX647_20190429,AMX647,AM647,0d0710,XA-AMJ,B738,KLAX,,MMMX,,,,,,,,
UAL835_20190502,UAL835,UA835,aad3c9,N797UA,B772,KORD,,ZSPD,,,,,,,,
UAL851_20190502,UAL851,UA851,aa92ff,N78008,B772,KORD,,ZBAA,,,,,,,,
MJF319_20190503,MJF319,,44071e,OE-LJG,A319,,EBBR,,,unclear,unclear,unknown,,,,
JAF5CP_20190503,JAF5CP,TB7502,505cf8,OM-GEX,B738,LFPO,,GMMN,,,,,,,,
SKW3504_20190504,SKW3504,DL3504,a8fd5a,N679CA,CRJ9,KATL,KGRB,KGRB,,,,,,,,
UAL1910_20190505,UAL1910,UA1910,a8d4ef,N66841,B739,KIAD,KIAD,KLAS,KIAD,cracked_windshield,return,unknown,,,,
SWA1883_20190507,SWA1883,WN1883,aa7aa6,N7743B,B737,KSEA,KSMF,KSMF,,,,,,,,
RYR7K_20190507,RYR7K,FR6695,4ca73b,EI-EBS,B738,EGPH,EHEH,LMML,EHEH,medical,diverted,unknown,,,,
EJM2105_20190507,EJM2105,,a2ce9c,N280GL,G280,,KRDU,,,,,,,,,
NKS317_20190509,NKS317,NK317,a80dac,N618NK,A320,KIND,KSFB,KMCO,KSFB,,,,,,,
TUI6YX_20190509,TUI6YX,X32143,3c0ca0,D-ATUH,B738,GCTS,LFPG,EDDF,LFPG,unclear,diverted,unknown,,,,
BMS9AU_20190512,BMS9AU,0B123,4a09a4,YR-BMD,B738,LROP,LKPR,EBBR,LKPR,medical,diverted,unknown,,,,
JBU120_20190512,JBU120,B6120,a707a3,N552JB,A320,KMCO,KALB,KALB,,,,,,,,
BAW89P_20190514,BAW89P,BA278,406f7a,G-ZBKN,B789,KSJC,,EGLL,,,,,,,,
EXS57JW_20190517,EXS57JW,LS755,406c80,G-JZHB,B738,EGCC,LFBD,GCTS,LFBD,unclear,diverted,unknown,,,,
TOM1EA_20190517,TOM1EA,BY7558,405e23,G-FDZR,B738,EGNX,EGKK,LGKR,EGKK,medical,diverted,unknown,,,,
QTR835_20190517,QTR835,QR835,06a0f5,A7-ALA,A359,VTBS,OTHH,OTHH,,unclear,planned,unknown,,,,
FFT487_20190519,FFT487,F9487,a98b76,N714FR,A321,KRSW,KDEN,KDEN,,,,,,,,
EJU46DH_20190519,EJU46DH,U24216,4402ae,OE-IVZ,A320,LIRP,LFPO,LFPO,,unclear,planned,unknown,,,,
SVA2126_20190520,SVA2126,SV2126,4bbc6d,TC-OCM,A332,OEJN,,DABC,,,,,,,,
SKW3960_20190520,SKW3960,DL3960,a56643,N447SW,CRJ2,KDTW,,KCHA,,,,,,,,
AAL1188_20190520,AAL1188,AA1188,ad4747,N955AN,B738,MGGT,KDFW,KDFW,,,,,,,,
ASQ4217_20190520,ASQ4217,EV4217,a05aaf,N12163,E45X,KBRO,KIAH,KIAH,,,,,,,,
DAL1151_20190521,DAL1151,DL1151,acffbc,N937AT,B712,KATL,KATW,KATW,,,,,,,,
DAL2785_20190524,DAL2785,DL2785,abd2e6,N861DN,B739,KDTW,KLAX,KLAX,,unclear,unclear,unknown,,,,
GLO1746_20190525,GLO1746,G31746,e4814b,PR-VBG,B738,SBBR,,SBRF,,,,,,,,
TCX7AV_20190525,TCX7AV,MT231,406add,G-TCDD,A321,LTBS,EGCC,EGCC,,unclear,planned,unknown,,,,
TVF39AU_20190526,TVF39AU,TO4678,3964f9,F-GZHZ,B738,LFRS,LFRS,LIRF,LFRS,unclear,return,unknown,4c87af60,fuel_leak,return,unknown
AIJ2971_20190526,AIJ2971,4O2971,0d09f3,XA-CBA,A320,KLAX,,MMMX,,,,,,,,
THY35DK_20190527,THY35DK,TK1552,4baa68,TC-JSH,A321,EDDV,EDDV,LTFM,EDDV,medical,diverted,unknown,,,,
AAL110_20190528,AAL110,AA110,aaf0c6,N804AN,B788,KORD,,KLGA,,,,,,,,
EZY15UF_20190529,EZY15UF,U26957,400c4f,G-EZIM,A319,EGPH,LFPG,LFPG,,unclear,unclear,unknown,,,,
UAL125_20190531,UAL125,UA125,a9067b,N68061,B764,LGAV,EDDF,KEWR,EDDF,unclear,diverted,unknown,,,,
RAG100_20190531,RAG100,,c00d40,C-FFAL,B732,CYUY,,CTP9,CYUL,,,,,,,
SWA4577_20190601,SWA4577,WN4577,a99b6a,N718SW,B737,KMDW,KBOS,KBOS,,,,,,,,
AFR15SE_20190602,AFR15SE,AF1204,394c13,F-GTAT,A321,LFPG,LFLL,LIRF,LFLL,engine,diverted,unknown,4c8b79e7,engine,diverted,unknown
AFR28AT_20190602,AFR28AT,AF1046,3991e1,F-HEPB,A320,LFPG,EDDF,EPWA,EDDF,unclear,diverted,unknown,,,,
AFR72UF_20190602,AFR72UF,AF7453,3950c3,F-GUGD,A318,LFBP,,LFPO,,unclear,planned,unknown,,,,
TOM2AM_20190603,TOM2AM,BY5118,4005a4,G-BYAW,B752,EGGW,EGGD,GCLP,EGGD,medical,diverted,unknown,,,,
BTI1F5_20190603,BTI1F5,BT105,502c7b,YL-BAJ,DH8D,EVRA,EVRA,ESSA,EVRA,unclear,unclear,unknown,4c8c1e8b,cabin_pressure,return,unknown
IBS36SA_20190604,IBS36SA,None,34368e,EC-LEA,A320,EDDT,LFPG,LFPG,,,,,,,,
RPA6030_20190604,RPA6030,DL6030,abf7e2,N870RW,E170,KIND,KIND,KLGA,KIND,unclear,return,unknown,,,,
BEE3JM_20190605,BEE3JM,BE263,406f9a,G-PRPE,DH8D,EGPH,EGCC,EGNX,EGCC,medical,diverted,unknown,,,,
RYR160H_20190606,RYR160H,FR4079,4ca5e8,EI-FOC,B738,LEAL,,EGNT,LFBD,medical,return,unknown,,,,
DAL1894_20190607,DAL1894,DL1894,acc5fb,N922DZ,B739,KSFO,KCVG,KCVG,,unclear,planned,unknown,,,,
AMC106_20190608,AMC106,KM106,4d2027,9H-AEQ,A320,LMML,LFPO,EGLL,LFPO,medical,diverted,unknown,,,,
AAL2270_20190608,AAL2270,AA2270,a0e7f4,N158AN,A321,KDFW,KTPA,KTPA,,,,,,,,
BAW9CG_20190609,BAW9CG,BA289,40040d,G-BNLN,B744,EGLL,,KPHX,,unclear,unclear,unknown,4d6a301b,misc,planned,unknown
JIA5654_20190610,JIA5654,AA5654,a73e6d,N566NN,CRJ9,KCLT,,KMSY,,,,,,,,
DAL2062_20190613,DAL2062,DL2062,a3d3f0,N346DN,A321,KMSP,KBOS,KBOS,,,,,,,,
UAL90_20190613,UAL90,UA90,a2659a,N2534U,B77W,KEWR,,LLBG,,,,,,,,
AAL97_20190613,AAL97,AA97,a482ca,N390AA,B763,LHBP,EDDF,KPHL,EDDF,fuel_leak,diverted,unknown,4c92a6b1,fuel_leak,diverted,unknown
CES5595_20190614,CES5595,MU5595,78069c,B-6715,A320,ZUUU,,ZGSD,,,,,,,,
BAW575_20190615,BAW575,BA575,40097f,G-EUUD,A320,LIML,,EGLL,,unclear,planned,unknown,,,,
ROU1911_20190615,ROU1911,AC1911,c07465,C-GSCA,B763,LHBP,EGPF,CYYZ,EGPF,medical,diverted,unknown,,,,
SWA4850_20190616,SWA4850,WN4850,aab129,N7884G,B737,KDAL,KPHX,KPHX,,,,,,,,
AFL2613_20190616,AFL2613,SU2613,42433f,VP-BMI,B738,LIMC,,UUEE,,unclear,planned,unknown,,,,
AAL578_20190617,AAL578,AA578,a6fb32,N549UW,A321,KPHX,KSEA,KSEA,,,,,,,,
AAL691_20190617,AAL691,AA691,ad24ab,N946NN,B738,KPHX,KAUS,KAUS,,,,,,,,
ENY3650_20190617,ENY3650,AA3650,acc954,N923AE,E145,KORD,KATW,KATW,,,,,,,,
MSR767_20190617,MSR767,MS767,0100e0,SU-GCS,B738,HECA,LEBL,LEBL,,unclear,unclear,unknown,,,,
JBU296_20190617,JBU296,B6296,a7456c,N568JB,A320,KPDX,,KBOS,,,,,,,,
ASA736_20190617,ASA736,AS736,a2d1bc,N281AK,B739,KSEA,,KBOS,,,,,,,,
KLM76U_20190618,KLM76U,KL608,48436b,PH-BQD,B772,KSFO,,EHAM,,,,,,,,
AAL755_20190618,AAL755,AA755,a2e0a5,N285AY,A332,LFPG,LFPG,KPHL,LFPG,unclear,return,unknown,,,,
EZY729X_20190618,EZY729X,U219,406d8e,G-EZOI,A320,EGGW,EGPH,EGPH,,unclear,planned,unknown,,,,
ASA589_20190620,ASA589,AS589,a67b81,N517AS,B738,KBUR,KSEA,KSEA,,,,,,,,
TOM3GL_20190620,TOM3GL,BY1454,406471,G-FDZT,B738,EGPH,EGPF,GCRR,EGPF,bird,diverted,unknown,4c97145e,bird,diverted,unknown
BEE1BA_20190620,BEE1BA,BE680,406f9a,G-PRPE,DH8D,EGAC,EGAC,EGPH,EGAC,unclear,return,unknown,4c97173e,engine,return,unknown
AIC503_20190620,AIC503,AI503,800be5,VT-CID,A20N,VOBL,VOHS,VIDP,VOHS,technical,diverted,unknown,,,,
PCM8697_20190620,PCM8697,PCM8697,a96f22,N707FX,C208,KSMF,KRDD,KRDD,,,,,,,,
DAL411_20190621,DAL411,DL411,a1286c,N174DZ,B763,EHAM,EIDW,KMCO,EIDW,medical,diverted,unknown,,,,
DAL2274_20190622,DAL2274,DL2274,abd2e6,N861DN,B739,KATL,KDEN,KDEN,,unclear,unclear,unknown,,,,
BEE1FN_20190622,BEE1FN,BE881,5110dd,ES-ATA,AT76,EGPF,EGPF,EGHI,EGPF,technical,return,unknown,4c9866cc,misc,return,unknown
RRR6473_20190622,RRR6473,,43c171,ZZ171,C17,,EGVN,,,unclear,unclear,unknown,,,,
UAL1652_20190623,UAL1652,UA1652,aaf9ea,N806UA,A319,KEWR,KATL,KATL,,,,,,,,
NKS970_20190624,NKS970,NK970,a6464b,N503NK,A319,KDEN,KFLL,KFLL,,,,,,,,
CAW419_20190624,CAW419,MN419,00c465,ZS-ZWU,B738,FAOR,,FACT,,,,,,,,
PAL945_20190625,PAL945,,c0013b,C-FAMC,SW4,,CYWG,,,,,,,,,
JZR306_20190626,JZR306,J9306,70620c,9K-CAK,A320,LTFJ,LTFJ,OKBK,LTFJ,cabin_pressure,return,unknown,,,,
BAW2276_20190627,BAW2276,BA2276,405bfc,G-YMMS,B772,KLAS,EGKK,EGKK,,unclear,unclear,unknown,,,,
EZY49BT_20190627,EZY49BT,U26956,400e5a,G-EZAX,A319,LFPG,LFPG,EGPH,LFPG,engine,return,unknown,,,,
AFL2590_20190628,AFL2590,SU2590,400140,VP-BWD,A320,UUEE,EIDW,EIDW,,medical,planned,unknown,,,,
VIR156G_20190629,VIR156G,VS156,406ecc,G-VFAN,B789,KLAS,EGLL,EGLL,,unclear,planned,unknown,,,,
AFR72PE_20190630,AFR72PE,AF7733,3985a3,F-HBND,A320,LFRB,LFPG,LFPG,,unclear,unclear,unknown,,,,
RFR7270_20190701,RFR7270,,43c8d8,ZM337,E50P,,EGNX,,,unclear,unclear,unknown,,,,
BAW20R_20190702,BAW20R,BA294,4005e2,G-CIVI,B744,KORD,,EGLL,,unclear,unclear,unknown,,,,
AAL743_20190702,AAL743,AA743,a2e0a5,N285AY,A332,LEBL,EGLL,KPHL,EGLL,unclear,diverted,unknown,,,,
BAW119_20190703,BAW119,BA119,405bfe,G-YMMU,B772,EGLL,EGLL,VOBL,EGLL,technical,return,fueldump,4c9f1208,smoke_burn_smell_flames,return,fueldump
FFT1835_20190703,FFT1835,F91835,a3904c,N329FR,A20N,KDTW,KAUS,KAUS,,,,,,,,
UAL57_20190704,UAL57,UA57,a05629,N12006,B78X,KEWR,LFPG,LFPG,,unclear,planned,unknown,,,,
TOM517_20190705,TOM517,BY517,406cdd,G-POWM,A320,GMMX,LFBD,EGKK,LFBD,unclear,diverted,unknown,4ca10ad5,engine,diverted,unknown
EXS634_20190705,EXS634,LS634,40717c,G-JZBH,B738,GCTS,LPPT,EGNX,LPPT,medical,diverted,unknown,,,,
BEL3RW_20190706,BEL3RW,SN3667,44ce73,OO-SSS,A319,EBBR,,LFBO,,unclear,unclear,unknown,,,,
SKW5295_20190706,SKW5295,UA5295,a0af7c,N143SY,E75L,KBHM,KDEN,KDEN,,,,,,,,
JIA5116_20190708,JIA5116,OH5116,a653f6,N507AE,CRJ7,KSTL,KDCA,KDCA,,,,,,,,
GJS4512_20190708,GJS4512,UA4512,a124f1,N173GJ,CRJ7,KDEN,KDEN,KRDM,KDEN,unclear,return,unknown,,,,
AAL1895_20190708,AAL1895,AA1895,a771af,N579UW,A321,KLAS,KCLT,KCLT,,,,,,,,
AAY2404_20190709,AAY2404,G42404,a1e241,N220NV,A320,KPIE,KGRR,KGRR,,,,,,,,
OXF45_20190709,OXF45,,406a99,G-OXFB,PA34,EGTK,EGGP,EGNR,EGNR,unclear,unclear,unknown,,,,
QTR6UG_20190710,QTR6UG,QR629,06a0b5,A7-BCQ,B788,OPLA,OTHH,OTHH,,unclear,planned,unknown,,,,
SKW5355_20190710,SKW5355,UA5355,aabd56,N791SK,CRJ7,KDAY,KIND,KDEN,KIND,unclear,diverted,unknown,4ca497e3,cabin_pressure,diverted,unknown
DAL906_20190710,DAL906,DL906,a8df4b,N6709,B752,MGGT,KATL,KATL,,,,,,,,
FDX5279_20190712,FDX5279,FX5279,a86d2b,N642FE,MD11,VIDP,VABB,OMDB,VABB,unclear,unclear,unknown,,,,
ARG1403_20190713,ARG1403,AR1403,e06542,LV-FUB,B738,SAME,SAEZ,SABE,SAEZ,,,,,,,
AUA463_20190714,AUA463,OS463,440828,OE-LWL,E195,LOWW,EGCC,EGCC,,unclear,planned,unknown,4ca5e1cd,cabin_pressure,planned,unknown
BAW17TH_20190714,BAW17TH,BA2593,4008e6,G-MIDS,A320,LICC,EGKK,EGKK,,smoke_burn_smell_flames,planned,unknown,,,,
AFR55MZ_20190714,AFR55MZ,AF1158,4ca612,EI-RJF,RJ85,LFPG,,EGNT,,unclear,unclear,unknown,,,,
ASR172B_20190715,ASR172B,,3924a4,F-GJFE,BE20,,LFBO,,,unclear,unclear,unknown,,,,
THY4SN_20190715,THY4SN,TK7368,4bcc53,TC-SBS,B738,LTBR,LTAC,LTCG,LTAC,unclear,diverted,unknown,,,,
SWA1165_20190715,SWA1165,WN1165,a97db2,N710SW,B737,KPHX,KAUS,KAUS,,,,,,,,
BAW38P_20190719,BAW38P,BA288,40068f,G-CIVN,B744,KPHX,EGLL,EGLL,,medical,planned,unknown,,,,
RPA4599_20190719,RPA4599,AA4599,a00929,N101HQ,E75S,KPHL,KPHL,KSAV,KPHL,cabin_pressure,return,unknown,4caa156c,cabin_pressure,return,unknown
AVA218_20190720,AVA218,AV218,a9aec5,N723AV,A319,SAEZ,,SKBO,,,,,,,,
TIE543H_20190720,TIE543H,,49d304,OK-RAH,BE40,,LFML,,,,,,,,,
NCR320_20190720,NCR320,N8320,a7411e,N567CA,B752,MGMM,KBOS,KBOS,,,,,,,,
GLO9186_20190722,GLO9186,G39186,e49266,PR-GYD,B738,SBFZ,,SBSP,,,,,,,,
AFL2175_20190723,AFL2175,SU2175,42434f,VP-BFF,A321,ENGM,ENGM,UUEE,ENGM,unclear,return,unknown,4cab5bda,cabin_pressure,return,hold_to_reduce
EJA579_20190723,EJA579,,a77147,N579QS,C56X,,KMGE,,,,,,,,,
BTQ864_20190723,BTQ864,4B864,a9b053,N723ST,PC12,KBOS,CYOW,KMSS,CYOW,,,,,,,
DLH469_20190724,DLH469,LH469,3c6571,D-AIKQ,A333,KAUS,,EDDF,,,,,,,,
SWR348_20190725,SWR348,LX348,4b1804,HB-JCM,BCS3,LSGG,,EGLL,LFPG,engine,diverted,unknown,4cac778d,engine,diverted,unknown
DAL237_20190726,DAL237,DL237,a0f4f6,N16065,B763,LIRF,EGLL,KDTW,EGLL,medical,diverted,unknown,,,,
ETH8801_20190727,ETH8801,ET8801,04000b,ET-ALH,B763,VNKT,VIDP,VIDP,,unclear,planned,unknown,,,,
XOJ546_20190729,XOJ546,,a6f04c,N546XJ,CL30,,KCLL,,,,,,,,,
VJC492_20190730,VJC492,VJ492,8880cd,VN-A690,A320,VVBM,VVVH,VVNB,VVVH,,,,,,,
EZY51MJ_20190805,EZY51MJ,U28905,4073a1,G-UZHD,A20N,EGKK,LFBD,LXGB,LFBD,unclear,diverted,unknown,,,,
SWA4321_20190806,SWA4321,WN4321,a1dcf2,N219WN,B737,KMDW,,KATL,,,,,,,,
RYR77FJ_20190807,RYR77FJ,FR7544,4ca564,EI-DPY,B738,EGCC,,LEBL,LFBO,technical,diverted,hold_to_reduce,,,,
AAR762_20190807,AAR762,OZ762,71bf54,HL7754,A333,WIII,RKSI,RKSI,,,,,,,,
JSX204_20190807,JSX204,XE204,a28b00,N263JX,E135,KLAS,KLAX,KOAK,KLAX,unclear,diverted,unknown,,,,
ROU1685_20190808,ROU1685,AC1685,c0482a,C-GBIN,A319,CYUL,CYYJ,CYYJ,,,,,,,,
FDX1429_20190808,FDX1429,FX1429,a7acc5,N594FE,MD11,KMEM,KSMF,KSMF,,,,,,,,
ROU1901_20190809,ROU1901,AC1901,c020e4,C-FMLV,B763,LGAV,EIDW,CYYZ,EIDW,hydraulics,diverted,unknown,4cb86c3a,hydraulics,diverted,unknown
SVR2803_20190809,SVR2803,U62803,424435,VQ-BCE,A321,UUDD,,UCFM,,,,,,,,
EZY79MB_20190810,EZY79MB,U28374,406a91,G-EZWP,A320,LIBR,LFPG,EGKK,LFPG,unclear,diverted,unknown,,,,
QTR920_20190811,QTR920,QR920,06a073,A7-BBC,B77L,OTHH,OTHH,NZAA,OTHH,engine,diverted,fueldump,4cb7362d,engine,return,fueldump
BGA113C_20190812,BGA113C,,394a62,F-GSTC,A3ST,LFBO,LFBO,,LFBO,unclear,return,unknown,,,,
TUI93E_20190813,TUI93E,X32914,3c4961,D-ABKA,B738,EDDL,,LEIB,LFML,unclear,diverted,unknown,,,,
RAM718D_20190813,RAM718D,AT718,020027,CN-RNR,B737,GMMN,LFLL,LFLL,,unclear,unclear,unknown,,,,
ACP2614_20190815,ACP2614,8V2614,505c4d,OM-ACB,B744,EBLG,EBLG,DGAA,EBLG,unclear,return,hold_to_reduce,,,,
AFR11DN_20190816,AFR11DN,AF1000,394c19,F-GTAZ,A321,LFPG,,LEMD,LFBD,technical,return,unknown,4cba3de2,cabin_pressure,diverted,unknown
AFR896_20190816,AFR896,AF896,396441,F-GZCB,A332,LFPG,LFPG,FCBB,LFPG,medical,return,unknown,,,,
EIN28G_20190816,EIN28G,EI286,4ca555,EI-RJI,RJ85,EIDW,EIDW,EGLC,EIDW,unclear,return,unknown,,,,
AFR702_20190816,AFR702,AF702,3949e0,F-GSPA,B772,LFPG,LFPG,DIAP,LFPG,unclear,return,unknown,,,,
UAL1475_20190817,UAL1475,UA1475,ac0b61,N87507,B738,KORD,KMSN,PANC,KMSN,engine,diverted,unknown,,,,
JBU623_20190817,JBU623,B6623,ad9e73,N977JE,A321,KJFK,KCLE,KLAX,KCLE,smoke_burn_smell_flames,diverted,hold_to_reduce,4cbb8147,smoke_burn_smell_flames,diverted,hold_to_reduce
VIR106F_20190819,VIR106F,VS106,406d4c,G-VCRU,B789,KSEA,,EGLL,,,,,,,,
FRS51_20190820,FRS51,,896c24,954,PC21,,OMDW,,,,,,,,,
AFR1145_20190820,AFR1145,AF1145,3944e1,F-GRHB,A319,UUEE,ELLX,LFPG,ELLX,unclear,diverted,unknown,4cbcbfb7,brakes,diverted,unknown
DAL173_20190820,DAL173,DL173,ab20e7,N816NW,A333,LIMC,LFPG,KJFK,LFPG,unclear,diverted,fueldump,,,,
DAL773_20190820,DAL773,DL773,a3f120,N353NB,A319,KBOI,,KSLC,,,,,,,,
SKW4165_20190821,SKW4165,DL4165,aca5ff,N914EV,CRJ2,KTVC,KDTW,KDTW,,unclear,unclear,unknown,,,,
DLX49_20190822,DLX49,,a60e77,N49HJ,HDJT,KVNY,KLAS,KSAC,KLAS,,,,,,,
AAL542_20190822,AAL542,AA542,a8ce4f,N667AW,A320,KPHX,KSMF,KSMF,,,,,,,,
DAL982_20190822,DAL982,DL982,ad3c27,N952AT,B712,KATL,KTLH,KTLH,,,,,,,,
UAL1413_20190823,UAL1413,UA1413,a533bd,N434UA,A320,KSEA,,KDEN,,,,,,,,
ASH6300_20190823,ASH6300,YV6300,ac52f2,N89308,E75L,KIAH,KRDU,MMGL,KRDU,,,,,,,
ASH5875_20190824,ASH5875,AA5875,ac8d6a,N908FJ,CRJ9,KMLI,KMCI,KDFW,KMCI,unclear,diverted,unknown,,,,
DAL2454_20190824,DAL2454,DL2454,a8e2d6,N67171,B752,KSNA,KATL,KATL,,,,,,,,
HAL481_20190825,HAL481,HA481,a455ea,N379HA,A332,PHNL,NTAA,NTAA,,,,,,,,
AAL199_20190825,AAL199,AA199,aa28f2,N754AN,B772,LIMC,EGLL,KJFK,EGLL,unclear,diverted,unknown,,,,
DAL573_20190825,DAL573,DL573,a8df4b,N6709,B752,KLAX,,MMMX,,,,,,,,
BAW89P_20190826,BAW89P,BA278,406d79,G-ZBKC,B789,KSJC,EGLL,EGLL,,unclear,unclear,unknown,,,,
AAL2318_20190826,AAL2318,AA2318,ac81d2,N905AU,A321,KDFW,KLAX,KLAX,,,,,,,,
DAL2590_20190828,DAL2590,DL2590,ab43c6,N825DN,B739,KATL,KDEN,KDEN,,,,,,,,
BCS63A_20190829,BCS63A,,3c5434,D-AEAT,A306,LEMD,LEMD,EHAM,LEMD,unclear,return,unknown,,,,
JIA5566_20190829,JIA5566,AA5566,a6bf4e,N534AE,CRJ7,KHSV,KCLT,KCLT,,,,,,,,
TAR635_20190831,TAR635,TU635,02a1cd,TS-ION,B736,LFPO,,DTTJ,LFML,unclear,diverted,unknown,,,,
CFS8802_20190831,CFS8802,EM8802,ac25c5,N882FE,C208,KPHX,KNYL,KNYL,,,,,,,,
ASA1384_20190831,ASA1384,AS1384,a855e2,N636VA,A320,KPSP,KSEA,KSEA,,,,,,,,
ICE10M_20190902,ICE10M,FI568,4cc27a,TF-ISV,B752,BIKF,BIKF,LSZH,BIKF,unclear,return,unknown,,,,
UAL1827_20190903,UAL1827,UA1827,a0acdd,N14228,B738,KEWR,KSAN,KSAN,,,,,,,,
EZY64NL_20190904,EZY64NL,U28679,400c4a,G-EZIH,A319,EGKK,LFLL,LIEO,LFLL,cracked_windshield,diverted,unknown,,,,
NAX10B_20190905,NAX10B,DY7110,479089,LN-LNI,B789,KLAX,EIDW,LEBL,EIDW,engine,diverted,unknown,4cc72ac7,engine,diverted,unknown
CSZ9073_20190906,CSZ9073,ZH9073,780d00,B-1713,B738,ZGSZ,RCTP,RCTP,,,,,,,,
RPA5939_20190906,RPA5939,DL5939,ac0307,N873RW,E170,KJFK,KCMH,KCMH,,,,,,,,
BEE1AJ_20190906,BEE1AJ,BE417,401152,G-JECX,DH8D,EGAC,EGBB,EGBB,,unclear,planned,unknown,,,,
BOX495_20190907,BOX495,3S495,3c458a,D-AALJ,B77L,KIAH,,EDDF,,,,,,,,
RYR160H_20190907,RYR160H,,4ca242,EI-DCL,B738,,LFBD,,,unclear,unclear,unknown,,,,
MSR845_20190908,MSR845,MS845,0100df,SU-GCR,B738,HECA,,DAAG,,,,,,,,
ROU1522_20190909,ROU1522,AC1522,c0482a,C-GBIN,A319,CYUL,CYUL,CYYT,CYUL,cabin_pressure,return,unknown,,,,
AHK681_20190909,AHK681,LD681,780a86,B-LDM,A306,RCTP,RCTP,VHHH,RCTP,unclear,return,unknown,,,,
EDV5460_20190910,EDV5460,DL5460,a7dadc,N605LR,CRJ9,KATL,KTLH,KTLH,,,,,,,,
ASA445_20190911,ASA445,AS445,a35975,N315AS,B739,KLAX,KSEA,KSEA,,,,,,,,
CPA509_20190911,CPA509,CX509,780173,B-HNK,B773,RJAA,VHHH,VHHH,,,,,,,,
ROU1591_20190911,ROU1591,AC1591,c0466c,C-GARJ,A319,CYYZ,CYYC,CYYC,,,,,,,,
VLG3866_20190913,VLG3866,VY3866,3424d5,EC-KDG,A320,LEPA,,LEAS,,,,,,,,
ETH687_20190915,ETH687,ET687,040015,ET-ALO,B763,VIDP,VIDP,HAAB,VIDP,unclear,return,unknown,,,,
DKH1295_20190915,DKH1295,HO1295,78124e,B-1001,A321,ZSPD,VMMC,VMMC,,,,,,,,
IBK3502_20190915,IBK3502,D83502,4ca506,EI-FHM,B738,EKCH,,EGPH,,unclear,unclear,unknown,,,,
JBU1447_20190916,JBU1447,B61447,a2d27c,N281JB,E190,KHPN,KTPA,KTPA,,,,,,,,
SWR358_20190916,SWR358,LX358,4b17f8,HB-JCA,BCS3,LSGG,,EGLL,LSGG,engine,return,unknown,4cce7a9f,engine,return,unknown
AXG1801_20190917,AXG1801,,3c9432,D-BEAR,C750,,OMDW,,,,,,,,,
RPA6144_20190918,RPA6144,DL6144,abf1d2,N869RW,E170,KCMH,KIND,KIND,,unclear,unclear,unknown,,,,
JAF20K_20190919,JAF20K,TB1311,44d2b6,OO-TUV,B738,EBBR,LEJR,LEJR,,,,,,,,
WJA556_20190919,WJA556,WS556,c01f52,C-FLWJ,B737,CYYC,CYKF,CYKF,,,,,,,,
AUI949_20190920,AUI949,PS949,5082c8,UR-PSG,B738,UKLL,LFML,LEBL,LFML,unclear,diverted,unknown,,,,
NDU569_20190921,NDU569,,a74989,N569ND,C172,KIWA,KIWA,KIWA,,,,,,,,
FDB338_20190921,FDB338,FZ338,896469,A6-FGB,B738,OPST,OMDB,OMDB,,unclear,unclear,unknown,,,,
SOO275_20190921,SOO275,9S275,aa8499,N777SA,B77L,KCVG,,EDDP,,,,,,,,
SKU621_20190921,SKU621,H2621,e8032b,CC-AZH,A20N,SBGL,,SCEL,,,,,,,,
EDV5383_20190922,EDV5383,DL5383,ac5f32,N8969A,CRJ2,KBTV,KDTW,KDTW,,,,,,,,
AFR46MN_20190923,AFR46MN,AF1116,4ca6ad,EI-RJZ,RJ85,LFPG,LFPG,EIDW,LFPG,technical,return,unknown,,,,
TGR32_20190924,TGR32,,ad2775,N947DA,DV20,KPUB,KPUB,KPUB,,,,,,,,
GJS6202_20190924,GJS6202,DL6202,a3bd81,N340CA,CRJ7,KCVG,KRDU,KRDU,,,,,,,,
QXE2492_20190924,QXE2492,AS2492,a880b0,N647QX,E75L,KSTS,KSEA,KSEA,,,,,,,,
FMY8035_20190925,FMY8035,,3aabff,100,TBM7,,LFPO,,,,,,,,,
ASA976_20190926,ASA976,AS976,a360e3,N317AS,B739,KSEA,KBOI,KBOI,,,,,,,,
KAL475_20190929,KAL475,KE475,71c272,HL8272,B739,RKSI,,VVDL,,,,,,,,
NDU792_20190930,NDU792,,aac0a3,N792ND,PA44,KIWA,KPHX,,,,,,,,,
TOM683_20190930,TOM683,BY683,400ff4,G-FDZD,B738,DTNH,LFLL,EGBB,LFLL,unclear,diverted,unknown,,,,
DAL541_20191001,DAL541,DL541,a44591,N3744F,B738,KBOS,,KSEA,,,,,,,,
RPA3591_20191002,RPA3591,UA3591,a9b4a4,N724YX,E75L,KORD,KORD,KDCA,KORD,unclear,return,unknown,4cd896a3,cabin_pressure,return,unknown
EXS6903_20191003,EXS6903,LS6903,400f4c,G-LSAE,B752,EPKK,EGPH,EGPH,,landing_gear,planned,unknown,,,,
SHT6P_20191003,SHT6P,BA1496,4008ae,G-EUPO,A319,EGLL,EGLL,EGPF,EGLL,unclear,return,unknown,,,,
BAW241R_20191005,BAW241R,BA2591,400834,G-MIDX,A320,LIBD,LFSB,EGKK,LFSB,smoke_burn_smell_flames,diverted,unknown,4cda895e,smoke_burn_smell_flames,diverted,unknown
UAL881_20191006,UAL881,UA881,a1d8fd,N218UA,B772,KORD,,RJAA,,,,,,,,
DAL699_20191006,DAL699,DL699,ad2af2,N948AT,B712,KHSV,KATL,KATL,,,,,,,,
RYR68UM_20191007,RYR68UM,FR3532,4cabc2,EI-FRT,B738,EHEH,EDSB,LEPA,EDSB,unclear,unclear,unknown,,,,
AEE4258_20191007,AEE4258,A34258,4690e2,SX-DGB,A320,LGIR,LFLL,LFRG,LFLL,unclear,diverted,unknown,,,,
AAL1612_20191008,AAL1612,AA1612,ac90a8,N909AN,B738,KGSP,KDFW,KDFW,,,,,,,,
JES3422_20191011,JES3422,WJ3422,e0958f,LV-IVO,A320,SADP,,SAME,,,,,,,,
NKS565_20191011,NKS565,NK565,a7debf,N606NK,A320,KDTW,KATL,KATL,,,,,,,,
UAE734_20191012,UAE734,EK734,8963d5,A6-EPF,B77W,HSSS,OMDB,OMDB,,unclear,planned,unknown,,,,
UPS801_20191013,UPS801,5X801,a4dd5e,N412UP,B752,KSAT,KSDF,KSDF,,,,,,,,
BAW548_20191014,BAW548,BA548,400ceb,G-EUXI,A321,EGLL,EGLL,LIRF,EGLL,technical,return,unknown,,,,
JIA5437_20191014,JIA5437,AA5437,a70812,N552NN,CRJ9,KCLT,KGRR,KGRR,,,,,,,,
UAL1090_20191014,UAL1090,UA1090,abacd2,N851UA,A319,KIAH,,MMMX,,,,,,,,
VLG12AV_20191015,VLG12AV,VY1241,345107,EC-MJC,A320,LEAL,LFRS,EGFF,LFRS,medical,diverted,unknown,,,,
EZY58WD_20191015,EZY58WD,U22454,4010ee,G-EZBZ,A319,LICJ,EGGW,EGGW,,unclear,unclear,unknown,,,,
BCS3611_20191017,BCS3611,QY3611,3c5431,D-AEAQ,A306,EFHK,EFHK,EDDP,EFHK,unclear,return,unknown,,,,
TVF78RT_20191018,TVF78RT,,3964f3,F-GZHT,B738,,LFPO,,,unclear,unclear,unknown,,,,
TSC571_20191019,TSC571,TS571,c07995,C-GUBC,A332,LIPZ,LFPG,CYUL,LFPG,technical,diverted,unknown,4ce407cd,heating,diverted,unknown
ASH5792_20191019,ASH5792,YV5792,aca60d,N914FJ,CRJ9,KDFW,KDFW,KMLI,KDFW,unclear,unclear,unknown,,,,
SWA4631_20191019,SWA4631,WN4631,abaaa8,N8507C,B738,,KSEA,,,,,,,,,
RYR21UJ_20191020,RYR21UJ,FR1064,4ca1b9,EI-DAH,B738,EGPH,EGPH,LFBO,EGPH,bird,return,hold_to_reduce,,,,
CPA087_20191022,CPA087,CX87,780a6e,B-LJK,B748,PANC,VHHH,VHHH,,,,,,,,
EJA799_20191024,EJA799,1I799,aadae3,N799QS,CL35,KCMH,KATW,,,,,,,,,
JBU61_20191025,JBU61,B661,ad2baa,N948JB,A321,KBOS,,TJSJ,,,,,,,,
RPA4563_20191025,RPA4563,YX4563,a53436,N434YX,E75L,KLGA,,KMIA,,,,,,,,
RRR4055_20191026,RRR4055,,43c5e5,ZM411,A400,,EGVN,,,unclear,unclear,unknown,,,,
LOF4696_20191027,LOF4696,UA4696,a081a2,N13123,E45X,KORD,KGRR,KGRR,,,,,,,,
SWA3708_20191027,SWA3708,WN3708,abe075,N8643A,B738,KBNA,KLAS,KRSW,KLAS,,,,,,,
ARG1465_20191027,ARG1465,AR1465,e073cf,LV-GOO,B737,SANT,SAEZ,SAEZ,,,,,,,,
CLX4327_20191028,CLX4327,CV4327,4d0117,LX-VCM,B748,EBLG,EBLG,ELLX,EBLG,unclear,diverted,unknown,,,,
ASH6099_20191029,ASH6099,UA6099,ab3e98,N82314,E75L,KIAD,KIAH,KIAH,,unclear,planned,unknown,,,,
HDA391_20191031,HDA391,KA391,7801d4,B-HSN,A320,RJTT,,VHHH,RJTT,technical,return,unknown,,,,
VTM384_20191102,VTM384,VTM384,0d0aa8,XA-UZI,MD83,KLRD,KFWA,KFWA,,,,,,,,
TAP923U_20191103,TAP923U,TP923,495281,CS-TTA,A319,LSZH,LFBD,LPPR,LFBD,medical,diverted,unknown,,,,
SHT42P_20191103,SHT42P,BA2518,4008e5,G-MIDT,A320,EGKK,EGPF,EGPF,,medical,planned,unknown,,,,
SRR6498_20191105,SRR6498,S66498,45ce4b,OY-SRK,B762,EDDK,EDDK,LIME,EDDK,unclear,unclear,unknown,,,,
BTQ879_20191106,BTQ879,4B879,a99ec4,N719PC,PC12,KPIT,KJST,KJST,,,,,,,,
EZY97YM_20191107,EZY97YM,U27416,4074b5,G-UZHE,A20N,LEAL,LFBD,EGMC,LFBD,medical,diverted,unknown,,,,
RYR14QD_20191108,RYR14QD,FR8747,4ca61c,EI-DWO,B738,LFBH,EGGW,EGSS,EGGW,unclear,unclear,unknown,,,,
CAP2936_20191109,CAP2936,,a2200d,N236NY,C172,,,KPHL,,unclear,unclear,unknown,,,,
EXS3ZC_20191110,EXS3ZC,LS1216,406caa,G-GDFU,B738,LEAL,LFRS,EGBB,LFRS,unclear,diverted,unknown,,,,
VJT426_20191110,VJT426,,4d20d9,9H-VCC,CL35,,UUWW,,,,,,,,,
UAL275_20191110,UAL275,UA275,a5ef0e,N48127,B752,KEWR,KLAX,KLAX,,,,,,,,
RPA4478_20191112,RPA4478,AA4478,a55090,N441YX,E75L,KLGA,KXNA,KXNA,,,,,,,,
SWA2065_20191114,SWA2065,WN2065,a1fd03,N227WN,B737,KJAX,KBNA,KBNA,,,,,,,,
RYR2WF_20191114,RYR2WF,FR3227,4ca854,EI-EML,B738,ENTO,EGPH,EGCC,EGPH,medical,diverted,unknown,,,,
VTM384_20191114,VTM384,,0d0aa9,XA-SLW,SW4,,KSDF,,,technical,planned,unknown,,,,
TSC691_20191116,TSC691,TS691,c07877,C-GTQC,B738,MUSC,KMCO,CYYZ,KMCO,engine,diverted,hold_to_reduce,4cf65d38,engine,diverted,unknown
DAL497_20191117,DAL497,DL497,ac4d1a,N892DN,B739,KJFK,,MDSD,,,,,,,,
HKS17C_20191118,HKS17C,,406b9c,G-WNSD,S92,EGPD,EGPD,,,unclear,unclear,unknown,,,,
WEN3291_20191118,WEN3291,WS3291,c01ca9,C-FKWE,DH8D,CYQR,CYYC,CYYC,,,,,,,,
PDT4780_20191118,PDT4780,AA4780,a895b0,N652RS,E145,KSBY,KPHL,KPHL,,unclear,unclear,unknown,,,,
AAL343_20191119,AAL343,AA343,a10931,N166NN,A321,KSFO,KMIA,KMIA,,,,,,,,
BEE2AN_20191120,BEE2AN,BE1357,4072b7,G-PRPO,DH8D,EGAC,EGGP,EGLC,EGGP,unclear,diverted,unknown,,,,
EIN124_20191121,EIN124,EI124,4ca842,EI-ELA,A333,KORD,,EIDW,,,,,,,,
AMX090_20191121,AMX090,AM90,ad7633,N967AM,B788,MMMX,,RKSI,,,,,,,,
SKW5639_20191121,SKW5639,UA5639,abb645,N854AS,CRJ2,KCOS,KMCI,KORD,KMCI,unclear,unclear,unknown,,,,
AAL1667_20191121,AAL1667,AA1667,adb782,N983NN,B738,KSEA,KDFW,KDFW,,,,,,,,
ASH6238_20191123,ASH6238,UA6238,ac537f,N89349,E75L,KIAD,,KSAT,,,,,,,,
WEN3410_20191123,WEN3410,WS3410,c00bfb,C-FENY,DH8D,CYQB,CYYZ,CYYZ,,,,,,,,
ARG1403_20191124,ARG1403,AR1403,e072d4,LV-GKT,B738,SAME,,SABE,,,,,,,,
SXS1VK_20191124,SXS1VK,XQ180,4bcde3,TC-SOC,B738,LTAI,LTFJ,EDDL,LTFJ,medical,diverted,unknown,,,,
RPA3597_20191124,RPA3597,YX3597,a85949,N637RW,E170,KEWR,KCVG,KCLT,KCVG,,,,,,,
ENY4002_20191126,ENY4002,AA4002,ab10cf,N812AE,E135,KDFW,KDFW,KMHK,KDFW,unclear,return,unknown,,,,
NWG872A_20191127,NWG872A,,47aed2,LN-AWC,LJ45,,EKCH,,,unclear,unclear,unknown,,,,
UAE3PG_20191127,UAE3PG,EK19,896484,A6-EUZ,A388,OMDB,EGCC,EGCC,,unclear,unclear,unknown,,,,
SHT8H_20191127,SHT8H,BA1454,405a48,G-EUUZ,A320,EGLL,EGPH,EGPH,,unclear,unclear,unknown,,,,
HKS306A_20191127,HKS306A,,4071a2,G-WNSV,S92,EGPB,EGPD,,,unclear,unclear,unknown,,,,
ABR1538_20191128,ABR1538,,39666a,F-GZTK,B734,EGNX,LFPG,LIMC,LFPG,unclear,diverted,unknown,,,,
AAL1849_20191129,AAL1849,AA1849,a2fcff,N292AY,A332,KCLT,KMCO,KMCO,,unclear,unclear,unknown,,,,
SVA3835D_20191201,SVA3835D,SV3835,71002a,HZ-ARA,B789,WMKK,VOBL,OEMA,VOBL,technical,diverted,unknown,4d010bc0,misc,diverted,unknown
FDX903_20191201,FDX903,FX903,a9fe30,N743FD,A306,KMEM,KMDT,KMDT,,,,,,,,
EZY84ZA_20191202,EZY84ZA,U26853,400c4b,G-EZII,A319,EGPF,EGNT,EHAM,EGNT,medical,diverted,unknown,,,,
AAL2620_20191203,AAL2620,AA2620,acd481,N926AN,B738,KDFW,KIND,KIND,,,,,,,,
RPA3552_20191203,RPA3552,UA3552,a866c7,N640RW,E170,KCVG,,KIAH,,,,,,,,
LCO1721_20191205,LCO1721,UC1721,a6b8d6,N532LA,B763,SBRF,,SBKP,,,,,,,,
LXJ520_20191205,LXJ520,,a68981,N520FX,CL30,,KPIT,,,,,,,,,
TAR791_20191206,TAR791,TU791,02a192,TS-IMS,A320,EGLL,LFML,DTTA,LFML,unclear,diverted,unknown,,,,
LCO1501_20191208,LCO1501,UC1501,a6b8d6,N532LA,B763,LEMD,,GVAC,,,,,,,,
EDV5442_20191208,EDV5442,DL5442,a89f80,N655CA,CRJ7,KLGA,KXNA,KXNA,,,,,,,,
SWA6542_20191209,SWA6542,WN6542,a27380,N257WN,B737,KBNA,KDEN,KDEN,,,,,,,,
DAL379_20191211,DAL379,DL379,a4076a,N359NB,A319,KSEA,KGEG,KGEG,,,,,,,,
EZY68TR_20191211,EZY68TR,U28973,40631f,G-EZGA,A319,EGKK,EBBR,LBSF,EBBR,medical,diverted,unknown,,,,
NKS8124_20191211,NKS8124,NK8124,a86a28,N641NK,A320,KMCO,KDTW,KLAS,KDTW,,,,,,,
SKW5372_20191212,SKW5372,UA5372,a5aa1c,N464SW,CRJ2,KPSC,KSFO,KSFO,,,,,,,,
ABD714_20191213,ABD714,CC714,4cc3c9,TF-AMI,B744,KGSP,,EDFH,,,,,,,,
ENY3766_20191215,ENY3766,MQ3766,a8e6e2,N673AE,E145,KBWI,KORD,KORD,,,,,,,,
UAL986_20191215,UAL986,UA986,a86e6c,N642UA,B763,LFPG,EGCC,KORD,EGCC,fuel_leak,diverted,fueldump,4d0ae8b5,fuel_leak,diverted,unknown
GLO7720_20191216,GLO7720,G37720,e48854,PR-GUH,B738,SBGL,,SCEL,,,,,,,,
ASA1758_20191218,ASA1758,AS1758,a2e26a,N285VA,A320,KSEA,KSJC,KSJC,,,,,,,,
CAL919_20191219,CAL919,CI919,8991a8,B-18360,A333,RCTP,VHHH,VHHH,,,,,,,,
KYE1332_20191219,KYE1332,GG1332,ac7a61,N903AR,B744,KSDF,KMIA,KMIA,,,,,,,,
AFL1164_20191219,AFL1164,SU1164,155bb6,RA-89014,SU95,UUEE,UUEE,URRP,UUEE,unclear,return,unknown,,,,
SAS2549_20191220,SAS2549,SK2549,4caf7e,EI-SIE,A20N,ESSA,EGCC,EGCC,,unclear,planned,unknown,,,,
RPA4699_20191222,RPA4699,AA4699,a5255a,N430YX,E75L,KDCA,KCMH,KCMH,,,,,,,,
ARG1304_20191222,ARG1304,AR1304,e0638c,LV-FNL,A332,SAEZ,,KMIA,,,,,,,,
SWA3794_20191223,SWA3794,WN3794,acc799,N922WN,B737,KOAK,KHOU,KHOU,,,,,,,,
ENY3498_20191225,ENY3498,AA3498,abb9f0,N855AE,E135,KTRI,KDFW,KDFW,,,,,,,,
CJT550_20191227,CJT550,W8550,c04aca,C-GCIJ,B763,CYYC,CYWG,CYWG,,,,,,,,
PAC213_20191227,PAC213,PO213,abc5b8,N858GT,B748,KCVG,,RJAA,,,,,,,,
QTR2FV_20191230,QTR2FV,QR179,06a0b3,A7-BCO,B788,OTHH,UUDD,ENGM,UUDD,technical,diverted,unknown,4d19dc61,engine,diverted,unknown
EDV5022_20191230,EDV5022,9E5022,ab6ebb,N836AY,CRJ2,KATL,KXNA,KGNV,KXNA,,,,,,,
WJA1681_20191231,WJA1681,WS1681,c06e93,C-GPWS,B736,KJFK,CYYC,CYYC,,,,,,,,
KLM35N_20200102,KLM35N,KL1071,48418b,PH-BXP,B739,EHAM,EGCC,EGCC,,unclear,planned,unknown,,,,
DLH26V_20200102,DLH26V,LH1143,3c65c6,D-AINF,A20N,LEBB,EDDF,EDDF,,unclear,unclear,unknown,,,,
POE944_20200102,POE944,PD944,c06360,C-GLQL,DH8D,KBOS,CYYZ,CYTZ,CYYZ,,,,,,,
RRR6710_20200104,RRR6710,,43c171,ZZ171,C17,,KDOV,,,unclear,unclear,unknown,,,,
ASA284_20200104,ASA284,AS284,a3649a,N318AS,B739,KSMF,,MMSD,,,,,,,,
UCA4973_20200105,UCA4973,C54973,a03374,N11181,E45X,KMEM,KEWR,KEWR,,,,,,,,
UAL2382_20200105,UAL2382,UA2382,a6045d,N487UA,A320,KSFO,,MMSD,,,,,,,,
EZY745P_20200106,EZY745P,U219,405638,G-EZDJ,A319,EGGW,EGPH,EGPH,,unclear,planned,unknown,,,,
NJE894W_20200108,NJE894W,,494104,CS-PHD,E55P,,LFMN,,,,,,,,,
XOJ545_20200108,XOJ545,,a6ec95,N545XJ,CL30,,KAUS,,,,,,,,,
CPZ5692_20200108,CPZ5692,CP5692,a81077,N619CZ,E75S,KSEA,KGEG,KGEG,,,,,,,,
UPS285_20200110,UPS285,5X285,a40455,N358UP,B763,ENGM,EDDK,EDDK,,unclear,unclear,unknown,4d1d44b4,flaps,planned,unknown
ACA323_20200111,ACA323,AC323,c06f1d,C-GQCA,A320,CYUL,,CYYC,,,,,,,,
AAL578_20200111,AAL578,AA578,a77b76,N581UW,A321,KPHX,KSEA,KSEA,,,,,,,,
AFR006_20200111,AFR006,AF6,39bd23,F-HPJD,A388,LFPG,,KJFK,,,,,,,,
SHT17T_20200112,SHT17T,BA2507,4008e6,G-MIDS,A320,EGPH,EGPH,EGKK,EGPH,technical,return,fueldump,,,,
VOZ721_20200112,VOZ721,VA721,7c1b2d,VH-FNJ,F100,YPAD,YPPH,YPPH,,smoke_burn_smell_flames,planned,unknown,,,,
SAS1521_20200113,SAS1521,SK1521,4caf95,EI-FPX,CRJ9,EKCH,EGPH,EGPD,EGPH,unclear,diverted,unknown,,,,
EZY18CT_20200113,EZY18CT,U2812,400f02,G-EZBH,A319,EGPH,EGBB,EGKK,EGBB,weather_damage,diverted,unknown,,,,
KLM85R_20200114,KLM85R,KL1369,4855d2,PH-EXP,E75L,EHAM,,EPWA,,,,,,,,
BAW79J_20200114,BAW79J,BA2777,400d5b,G-DBCH,A319,EGJJ,EGBB,EGKK,EGBB,unclear,diverted,unknown,,,,
ASH6028_20200115,ASH6028,UA6028,abdd1c,N86350,E75L,KAUS,KIAH,KIAD,KIAH,unclear,diverted,unknown,,,,
RPA4511_20200115,RPA4511,YX4511,a50192,N421YX,E75L,KDCA,,KMSY,,,,,,,,
ENY4130_20200119,ENY4130,AA4130,a91e11,N687JS,E145,KORD,KORD,KLSE,KORD,landing_gear,return,unknown,,,,
AAL2618_20200119,AAL2618,AA2618,aa15cc,N749US,A319,KDFW,KXNA,KRNO,KXNA,,,,,,,
QXE2712_20200120,QXE2712,AS2712,a822d6,N623QX,E75L,KSEA,KBOI,KDAL,KBOI,smoke_burn_smell_flames,diverted,unknown,4d240887,smoke_burn_smell_flames,diverted,unknown
AFR104_20200123,AFR104,AF104,392f2d,F-GLZN,A343,LFPG,LFPG,DNMM,LFPG,technical,return,unknown,,,,
CAL003_20200124,CAL003,CI3,899020,B-18007,B77W,KSFO,,RCTP,,,,,,,,
PIA709_20200124,PIA709,PK709,760917,AP-BHW,B77W,OPLA,EGCC,EGCC,,medical,planned,unknown,,,,
SCX8250_20200124,SCX8250,SY8250,ab3da7,N823SY,B738,KSDF,KCMH,KCMH,,,,,,,,
ICE10K_20200125,ICE10K,FI852,4cc268,TF-FIC,B752,KORD,,BIKF,,,,,,,,
MAC128P_20200126,MAC128P,3O128,02012b,CN-NML,A320,EHAM,LFPG,GMTT,LFPG,unclear,diverted,unknown,,,,
JBU597_20200126,JBU597,B6597,adc238,N986JB,A321,KBOS,,KSEA,,,,,,,,
AFL1713_20200127,AFL1713,SU1713,424568,VQ-BPJ,A333,UHHH,,UUEE,UHHH,bomb_threat,return,unknown,,,,
BAW12DT_20200127,BAW12DT,BA867,400a26,G-EUUR,A320,LHBP,,EGLL,,unclear,planned,unknown,,,,
AMX057_20200128,AMX057,AM57,ad7633,N967AM,B788,RJAA,,MMMX,,,,,,,,
DAL392_20200128,DAL392,DL392,a45f59,N381DN,B738,MPTO,KATL,KATL,,,,,,,,
SWA2192_20200129,SWA2192,WN2192,abc478,N8575Z,B738,KDEN,KHOU,KHOU,,,,,,,,
ASH6299_20200129,ASH6299,UA6299,ac2bb8,N88327,E75L,KIAH,KCMH,KCMH,,,,,,,,
